address,latitude,longitude,site_type,has_wires,recommended_tree
1302 ARLEEN AV,37.351948061458955,-122.0190458593624,Vacant site (Medium,No,Texas Ebony
700 ALBERTA AV,37.34289368045607,-122.04144575513767,Vacant site (Medium,No,Netleaf Hackberry
717 ASHBOURNE DR,37.35164955975827,-122.02294989647743,Vacant site (Medium,No,Catalina Ironwood
1519 BLACKHAWK DR,37.34411018247495,-122.02941486428817,Vacant site (Medium,No,Desert Willow
1523 BLACKHAWK DR,37.34393918181799,-122.02942236972605,Vacant site (Medium,No,Texas Ebony
1532 BLACKHAWK DR,37.34364167946353,-122.02935589990068,Vacant site (Medium,No,Netleaf Hackberry
1312 CORDILLERAS AV,37.35161531411745,-122.03867230756255,Vacant site (Medium,No,Texas Ebony
1336 CORDILLERAS AV,37.350760312638634,-122.0386648199713,Vacant site (Medium,No,Catalina Ironwood
1549 BLACKHAWK DR,37.343108689071975,-122.02939333767665,Vacant site (Medium,No,Texas Ebony
1617 BLACKHAWK DR,37.34061887476717,-122.02943110373143,Vacant site (Medium,No,Netleaf Hackberry
596 CASCADE DR,37.3484825494681,-122.03897889104249,Vacant site (Medium,No,Catalina Ironwood
1549 DOMINION AV,37.34311582517027,-122.05739521419811,Vacant site (Medium,No,Texas Ebony
1550 ALBATROSS DR,37.343209061736864,-122.03115378210617,Vacant site (Medium,No,Texas Ebony
1534 ALBATROSS DR,37.34370406294443,-122.03115280727988,Vacant site (Medium,No,Netleaf Hackberry
799 BELFAIR CT,37.35082651928336,-122.04578695490177,Vacant site (Small,No,Catalina Ironwood
794 BELFAIR CT,37.35077560196502,-122.04578896704483,Vacant site (Medium,No,Texas Ebony
1508 BLACKHAWK DR,37.34440343262593,-122.02932261794169,Vacant site (Medium,No,Netleaf Hackberry
1507 BLACKHAWK DR,37.344452715991885,-122.0293931690442,Vacant site (Medium,No,Catalina Ironwood
540 CASHMERE CT,37.34771956067641,-122.03420044690068,Vacant site (Medium,No,Texas Ebony
1086 BRYANT WY,37.35082553457691,-122.00137753584053,Vacant site (Medium,No,Desert Willow
1501 CONDOR WY,37.344804336927105,-122.0255390904157,Vacant site (Large,No,Netleaf Hackberry
1501 CONDOR WY,37.344793762781144,-122.02552992579379,Vacant site (Large,No,Texas Ebony
655 ASHBOURNE DR,37.351638527789206,-122.02375925397563,Vacant site (Medium,No,Catalina Ironwood
645 ASHBOURNE DR,37.3516385278501,-122.02403878115841,Vacant site (Medium,No,Texas Ebony
813 CATHEDRAL DR,37.347190582363694,-122.04644889099674,Vacant site (Medium,No,Netleaf Hackberry
779 CATHEDRAL DR,37.34725671370562,-122.04561143872708,Vacant site (Medium,No,Catalina Ironwood
1306 CORDILLERAS AV,37.351822312772924,-122.03867485761529,Vacant site (Medium,No,Texas Ebony
1532 DOMINION AV,37.34379818299272,-122.0567452335639,Vacant site (Medium,No,Netleaf Hackberry
1462 DARTSHIRE CT,37.34661051673773,-122.01480676149615,Vacant site (Medium,No,Texas Ebony
1519 BITTERN DR,37.344073763128144,-122.03033188779894,Vacant site (Medium,No,Catalina Ironwood
1543 BITTERN DR,37.34337795549677,-122.03033236048212,Vacant site (Medium,No,Texas Ebony
1548 BITTERN DR,37.343086225071616,-122.03021642255021,Vacant site (Medium,No,Netleaf Hackberry
1549 BITTERN DR,37.34318895558922,-122.030302352344,Vacant site (Medium,No,Desert Willow
1043 BRYANT WY,37.350862578522396,-122.00368989790952,Vacant site (Medium,No,Catalina Ironwood
1051 BRYANT WY,37.35086151871688,-122.00328939707724,Vacant site (Medium,No,Texas Ebony
1055 BRYANT WY,37.35086257859333,-122.00306923434235,Vacant site (Medium,No,Netleaf Hackberry
1513 BITTERN DR,37.34426276509437,-122.03032492173674,Vacant site (Medium,No,Catalina Ironwood
1621 BLACKHAWK DR,37.34046883036571,-122.02947118382852,Vacant site (Medium,No,Texas Ebony
673 ALBERTA AV,37.343062588843026,-122.03995989101072,Vacant site (Medium,No,Desert Willow
1633 BLACKHAWK DR,37.33991682175338,-122.02964324303076,Vacant site (Medium,No,Netleaf Hackberry
1351 ARLEEN AV,37.35029206265136,-122.01911496457593,Vacant site (Large,No,Texas Ebony
1351 ARLEEN AV,37.35029206265136,-122.01911496457593,Vacant site (Large,No,Catalina Ironwood
464 CRESCENT AV,37.35560495271628,-122.0280235466393,Vacant site (Medium,No,Texas Ebony
679 DURSHIRE WY,37.34345858663287,-122.0224272578957,Vacant site (Medium,No,Netleaf Hackberry
462 CRESCENT AV,37.35564497822303,-122.02821455908403,Vacant site (Medium,No,Catalina Ironwood
740 DURSHIRE WY,37.34378665390883,-122.02070584232582,Vacant site (Medium,No,Texas Ebony
1327 ARLEEN AV,37.35110206060769,-122.01911295557024,Vacant site (Medium,No,Netleaf Hackberry
455 CRESCENT AV,37.35578095124716,-122.02856118560106,Vacant site (Medium,No,Texas Ebony
1629 BLACKHAWK DR,37.34008782166576,-122.02957918385633,Vacant site (Medium,No,Catalina Ironwood
1357 ARLEEN AV,37.350094060013674,-122.01911496731859,Vacant site (Medium,No,Desert Willow
1363 ARLEEN AV,37.349878061906765,-122.0191114421093,Vacant site (Medium,No,Netleaf Hackberry
1369 ARLEEN AV,37.34968006205582,-122.01911144147732,Vacant site (Medium,No,Texas Ebony
1375 ARLEEN AV,37.349482059456896,-122.01911144078947,Vacant site (Medium,No,Catalina Ironwood
753 CARIBOU CT,37.34745854921323,-122.04332690698047,Vacant site (Medium,No,Texas Ebony
1356 ARLEEN AV,37.350103061196336,-122.01904482534142,Vacant site (Medium,No,Netleaf Hackberry
1326 ARLEEN AV,37.3511110596227,-122.01904382763053,Vacant site (Medium,No,Desert Willow
656 ASHBOURNE DR,37.35160980611715,-122.02377178101266,Vacant site (Medium,No,Catalina Ironwood
1397 CORDILLERAS AV,37.34867181124564,-122.03871493009188,Vacant site (Medium,No,Texas Ebony
1397 CORDILLERAS AV,37.34867181124564,-122.03871493009188,Vacant site (Medium,No,Netleaf Hackberry
1397 CORDILLERAS AV,37.34867181124564,-122.03871493009188,Vacant site (Medium,No,Texas Ebony
1302 ARLEEN AV,37.351948061414376,-122.0190458628023,Vacant site (Medium,No,Catalina Ironwood
1321 ARLEEN AV,37.35130006044504,-122.01911295620626,Vacant site (Medium,No,Netleaf Hackberry
548 CASCADE DR,37.348441594735895,-122.03451059007229,Vacant site (Small,No,Texas Ebony
1579 BEDFORD AV,37.34186351768255,-122.0620918597593,Vacant site (Medium,No,Catalina Ironwood
596 DUNHOLME WY,37.34479942443534,-122.02642971834376,Vacant site (Large,No,Texas Ebony
623 DUNHOLME WY,37.34486955549462,-122.02512789368468,Vacant site (Medium,No,Netleaf Hackberry
1649 BLACKHAWK DR,37.3396629464132,-122.02974480337679,Vacant site (Medium,No,Catalina Ironwood
1502 BEDFORD AV,37.34458621117626,-122.06232440790694,Vacant site (Medium,No,Texas Ebony
544 CASCADE DR,37.34844061912673,-122.03437109258076,Vacant site (Small,No,Desert Willow
161 BERWICK WY,37.35054158624237,-122.03014089256467,Vacant site (Medium,No,California Buckeye
1320 BERNARDO AV /S,37.351254843251375,-122.05951234377073,Vacant site (Medium,No,California Buckeye
1470 BERNARDO AV /S,37.345998982168005,-122.05951277629632,Vacant site (Medium,No,California Buckeye
1470 BERNARDO AV /S,37.345998979376134,-122.0595127796786,Vacant site (Medium,No,California Buckeye
1418 BERNARDO AV /S,37.34697098109279,-122.05950280644677,Vacant site (Medium,No,California Buckeye
1324 BERNARDO AV /S,37.351030734948154,-122.0595058107115,Vacant site (Medium,No,California Buckeye
149 BERWICK WY,37.35053152936878,-122.03058150556065,Vacant site (Medium,No,California Buckeye
986 COEUR D'ALENE WY,37.34555585336319,-122.05406538782695,Vacant site (Small,No,California Buckeye
1318 BERNARDO AV /S,37.35135690553257,-122.05949084983162,Vacant site (Medium,No,California Buckeye
1225 BERNARDO AV /S,37.354962112424495,-122.05964953096023,Vacant site (Medium,No,California Buckeye
999 BIDWELL AV,37.38180073872104,-122.04506358182718,Vacant site (Medium,No,California Buckeye
1163 BERNARDO AV /S,37.35706424270744,-122.05962898136627,Vacant site (Medium,No,California Buckeye
1160 BERNARDO AV /S,37.357230090066736,-122.05953332727819,Vacant site (Medium,No,California Buckeye
808 BLANCHARD WY,37.35005560149576,-122.04665128574509,Vacant site (Medium,No,California Buckeye
974 COEUR D'ALENE WY,37.345509628407335,-122.05344217434757,Vacant site (Small,No,California Buckeye
1318 BERNARDO AV /S,37.35132395247469,-122.05949016191238,Vacant site (Medium,No,Netleaf Hackberry
1362 BITTERN DR,37.35013031270951,-122.02955628327958,Vacant site (Medium,No,Texas Ebony
1396 BITTERN DR,37.349401311846826,-122.02954481531297,Vacant site (Medium,No,Catalina Ironwood
1378 BITTERN DR,37.34977031338308,-122.0295463078419,Vacant site (Medium,No,California Buckeye
807 BLANCHARD WY,37.3501065196162,-122.04667835883062,Vacant site (Medium,No,Netleaf Hackberry
1595 BITTERN DR,37.34144467447117,-122.0302514881189,Vacant site (Medium,No,Texas Ebony
1575 BITTERN DR,37.3423005658136,-122.03024444025952,Vacant site (Medium,No,Catalina Ironwood
1567 BITTERN DR,37.34266796270605,-122.03023209694396,Vacant site (Medium,No,California Buckeye
1563 BITTERN DR,37.34286194145463,-122.03025378113196,Vacant site (Medium,No,Texas Ebony
988 COEUR D'ALENE WY,37.34560844961922,-122.0541542913938,Vacant site (Small,No,Netleaf Hackberry
990 COEUR D'ALENE WY,37.34571185072019,-122.05421384104227,Vacant site (Small,No,Catalina Ironwood
1501 BITTERN DR,37.34459572298722,-122.03028074360954,Vacant site (Medium,No,Texas Ebony
1471 BITTERN DR,37.34590473340043,-122.02991613291596,Vacant site (Medium,No,Desert Willow
1447 BITTERN DR,37.34716953257576,-122.0296129479369,Vacant site (Medium,No,Netleaf Hackberry
1442 BITTERN DR,37.347249591025836,-122.02954481513964,Vacant site (Medium,No,California Buckeye
994 COEUR D'ALENE WY,37.346100818897064,-122.05421545096698,Vacant site (Small,No,Catalina Ironwood
1432 BITTERN DR,37.34779864285196,-122.0295563659879,Vacant site (Medium,No,Texas Ebony
1420 BITTERN DR,37.3483116417501,-122.02954481462002,Vacant site (Medium,No,Netleaf Hackberry
1416 BITTERN DR,37.34849206126596,-122.02954278327597,Vacant site (Medium,No,California Buckeye
1651 BLACKHAWK DR,37.33924906244551,-122.02977247942526,Vacant site (Medium,No,Texas Ebony
1386 BITTERN DR,37.349590313188365,-122.02954630745658,Vacant site (Medium,No,Catalina Ironwood
1371 BITTERN DR,37.34999480936033,-122.02962547173276,Vacant site (Medium,No,Netleaf Hackberry
1507 BITTERN DR,37.34443575281214,-122.03030324299982,Vacant site (Medium,No,Texas Ebony
1586 BENTON ST,37.3407359669056,-122.00032720139711,Vacant site (Medium,No,Catalina Ironwood
110 CONNEMARA WY,37.3466255659833,-122.03191869626303,Vacant site (Medium,No,Desert Willow
1367 CORDILLERAS AV,37.34969870065389,-122.03872146487913,Vacant site (Medium,No,California Buckeye
1366 CORDILLERAS AV,37.34973431293399,-122.03865579934813,Vacant site (Medium,No,Texas Ebony
1361 CORDILLERAS AV,37.34988681100695,-122.03872200193045,Vacant site (Medium,No,Netleaf Hackberry
1355 CORDILLERAS AV,37.350111812241884,-122.0387249882413,Vacant site (Medium,No,California Buckeye
1355 CORDILLERAS AV,37.350111812241884,-122.0387249882413,Vacant site (Medium,No,Desert Willow
1349 CORDILLERAS AV,37.35031881192593,-122.03873143677765,Vacant site (Large,No,Texas Ebony
1372 CORDILLERAS AV,37.349518313564396,-122.03865235869308,Vacant site (Medium,No,Catalina Ironwood
578 BELFAST CT,37.350524576256625,-122.027688058653,Vacant site (Medium,No,Netleaf Hackberry
534 BELFREY WY,37.35102459495471,-122.03415894363579,Vacant site (Medium,No,Texas Ebony
1307 BELLEVILLE WY,37.34981548415444,-122.06239498495565,Vacant site (Medium,No,California Buckeye
1307 BELLEVILLE WY,37.34981548415444,-122.06239498495565,Vacant site (Medium,No,Catalina Ironwood
1341 BELLEVILLE WY,37.348933482754575,-122.06240143228509,Vacant site (Medium,No,Netleaf Hackberry
1359 BELLEVILLE WY,37.348500593776386,-122.06241246556935,Vacant site (Medium,No,Desert Willow
1370 BELLEVILLE WY,37.348259666717134,-122.0623148315639,Vacant site (Medium,No,Desert Willow
534 BELFREY WY,37.35102459495471,-122.03415894363579,Vacant site (Medium,No,Texas Ebony
1419 BELLEVILLE WY,37.347103362958705,-122.06194484810612,Vacant site (Medium,No,Catalina Ironwood
1373 CORDILLERAS AV,37.349526812404164,-122.03872349498184,Vacant site (Medium,No,California Buckeye
1295 BEDFORD CT,37.35003458264925,-122.06160005401509,Vacant site (Medium,No,Texas Ebony
1165 CRANBERRY AV,37.356935833798865,-122.05870493774418,Vacant site (Medium,No,Netleaf Hackberry
1143 COTSWALD CT,37.34675557167512,-122.00118197842389,Vacant site (Small,No,Catalina Ironwood
842 CORVALLIS DR,37.345544569373864,-122.04775839247694,Vacant site (Small,No,Texas Ebony
1591 CORONACH AV,37.341393988152255,-122.05858199184402,Vacant site (Medium,No,Netleaf Hackberry
862 CORNWALL CT,37.347880156540114,-122.01562886146665,Vacant site (Small,No,California Buckeye
860 CORNWALL CT,37.34788015622445,-122.01564864159816,Vacant site (Small,No,Catalina Ironwood
1299 BEDFORD CT,37.35004659047894,-122.06214005548651,Vacant site (Medium,No,Texas Ebony
1504 CORMORANT CT,37.344639423326946,-122.02458229063735,Vacant site (Medium,No,Netleaf Hackberry
1303 BEDFORD AV,37.35003653169326,-122.06261814379589,Vacant site (Medium,No,California Buckeye
1380 BEDFORD AV,37.34844358538978,-122.06342498616486,Vacant site (Medium,No,Catalina Ironwood
1387 BEDFORD AV,37.3483624926459,-122.0634688608108,Vacant site (Medium,No,Texas Ebony
1397 BEDFORD AV,37.34797451744783,-122.06334128512395,Vacant site (Medium,No,Netleaf Hackberry
1401 BEDFORD AV,37.34768448429954,-122.06323983777253,Vacant site (Medium,No,Texas Ebony
1413 BEDFORD AV,37.347308118130016,-122.06309941231721,Vacant site (Medium,No,California Buckeye
1503 CORMORANT CT,37.34464970169313,-122.02465199805809,Vacant site (Medium,No,Catalina Ironwood
1504 CONDOR WY,37.34466706194781,-122.02547381166964,Vacant site (Medium,No,Texas Ebony
1454 BELLEVILLE WY,37.34558955739635,-122.06086613464652,Vacant site (Medium,No,Netleaf Hackberry
1482 BELLEVILLE WY,37.34553459627948,-122.0608811431539,Vacant site (Medium,No,California Buckeye
679 BEND DR,37.350677129906856,-122.04120561579938,Vacant site (Medium,No,Catalina Ironwood
1633 BENTON CT,37.339447446112345,-122.00081072150297,Vacant site (Medium,No,Texas Ebony
1638 BENTON CT,37.33941270676285,-122.00074510323718,Vacant site (Medium,No,Netleaf Hackberry
973 COEUR D'ALENE WY,37.34555550621073,-122.05338663465574,Vacant site (Medium,No,Catalina Ironwood
1593 BENTON ST,37.340407179382694,-122.0005570660299,Vacant site (Medium,No,Desert Willow
1593 BENTON ST,37.34040717942674,-122.00055706259053,Vacant site (Large,No,Texas Ebony
678 BEND DR,37.35062013590372,-122.04119661567479,Vacant site (Medium,No,California Buckeye
1598 BENTON ST,37.34040394178987,-122.0004812600413,Vacant site (Large,No,Netleaf Hackberry
153 CONNEMARA WY,37.34773551349999,-122.03043777940293,Vacant site (Large,No,Texas Ebony
148 CONNEMARA WY,37.347693619000275,-122.03056040166916,Vacant site (Medium,No,Catalina Ironwood
125 CONNEMARA WY,37.347693928045025,-122.03133189544239,Vacant site (Medium,No,California Buckeye
120 CONNEMARA WY,37.3471967649316,-122.03143380299701,Vacant site (Small,No,Desert Willow
110 CONNEMARA WY,37.3466255659833,-122.03191869626303,Vacant site (Medium,No,Netleaf Hackberry
110 CONNEMARA WY,37.346625565938346,-122.03191869970269,Vacant site (Medium,No,Texas Ebony
1598 BENTON ST,37.34040394183392,-122.00048125660193,Vacant site (Large,No,Catalina Ironwood
1468 BELLEVILLE WY,37.34558547289877,-122.06070812146156,Vacant site (Medium,No,Texas Ebony
648 BEND DR,37.35061113701813,-122.03991003192841,Vacant site (Medium,No,Netleaf Hackberry
1413 BELLINGHAM WY,37.34751081415303,-122.06071298086735,Vacant site (Medium,No,California Buckeye
1488 BELLEVILLE WY,37.34554359594228,-122.06113764125222,Vacant site (Large,No,Catalina Ironwood
1518 BELLEVILLE WY,37.34395151759583,-122.06085136500066,Vacant site (Small,No,Texas Ebony
1537 BELLEVILLE WY,37.343308065277405,-122.06137348505258,Vacant site (Medium,No,Netleaf Hackberry
1538 BELLEVILLE WY,37.343299063263146,-122.06130630813394,Vacant site (Medium,No,Desert Willow
1538 BELLEVILLE WY,37.34329906600925,-122.06130630819133,Vacant site (Medium,No,California Buckeye
1588 BELLEVILLE WY,37.341466489624814,-122.0605668990786,Vacant site (Medium,No,Texas Ebony
1425 BELLINGHAM WY,37.346790814050465,-122.06070396052057,Vacant site (Medium,No,Catalina Ironwood
1588 BELLEVILLE WY,37.341466489670594,-122.0605668956392,Vacant site (Medium,No,Netleaf Hackberry
1596 BELLEVILLE WY,37.34141658840587,-122.06054042913314,Vacant site (Medium,No,California Buckeye
1651 BELLEVILLE WY,37.33898549652018,-122.06096332888748,Vacant site (Medium,No,Texas Ebony
1669 BELLEVILLE WY,37.33841260993998,-122.06117925032903,Vacant site (Medium,No,Desert Willow
1397 BELLINGHAM WY,37.34779455813741,-122.06114780917514,Vacant site (Medium,No,Catalina Ironwood
1402 BELLINGHAM WY,37.3476283141862,-122.06064485087936,Vacant site (Medium,No,Netleaf Hackberry
1413 BELLINGHAM WY,37.34751081415303,-122.06071298086735,Vacant site (Medium,No,Texas Ebony
1588 BELLEVILLE WY,37.341466489670594,-122.0605668956392,Vacant site (Medium,No,California Buckeye
957 COEUR D'ALENE WY,37.34553555686159,-122.0528791053517,Vacant site (Small,No,Catalina Ironwood
946 ABERDEEN DR,37.35157456991426,-122.05257725293616,Vacant site (Medium,No,Texas Ebony
936 COEUR D'ALENE WY,37.34552665557522,-122.05210507493305,Vacant site (Small,No,Netleaf Hackberry
993 BRYANT WY,37.35110452007282,-122.00843714694999,Vacant site (Large,No,Desert Willow
1007 BRYANT WY,37.35067059171992,-122.00605689913517,Vacant site (Large,No,Desert Willow
1010 BRYANT WY,37.350660509435194,-122.00549978040334,Vacant site (Medium,No,California Buckeye
1027 BRYANT WY,37.35067552630057,-122.00444997805431,Vacant site (Medium,No,Catalina Ironwood
1031 BRYANT WY,37.350682556413446,-122.00434888259853,Vacant site (Medium,No,Texas Ebony
1035 BRYANT WY,37.350778790635964,-122.00401823081238,Vacant site (Medium,No,Netleaf Hackberry
969 BRYANT WY,37.35116496803349,-122.01031744078811,Vacant site (Medium,No,Texas Ebony
1039 BRYANT WY,37.35083588278678,-122.00379861818487,Vacant site (Medium,No,Catalina Ironwood
532 CASHMERE CT,37.34773156927624,-122.03391694848004,Vacant site (Medium,No,California Buckeye
532 CASHMERE CT,37.34773156927624,-122.03391694848004,Vacant site (Medium,No,Netleaf Hackberry
532 CASHMERE CT,37.34773156927624,-122.03391694848004,Vacant site (Medium,No,Texas Ebony
948 BUCKEYE DR,37.36616752679013,-122.01130831086849,Vacant site (Medium,No,Catalina Ironwood
1098 CASCADE DR,37.34774183406106,-122.05929087278068,Vacant site (Medium,No,California Buckeye
1031 CASCADE DR,37.34782528407671,-122.05663818072456,Vacant site (Medium,No,Netleaf Hackberry
535 CASHMERE CT,37.347787588541706,-122.03406972721164,Vacant site (Medium,No,Texas Ebony
963 BRYANT WY,37.35112251975216,-122.01064689638446,Vacant site (Medium,No,Catalina Ironwood
961 BRYANT WY,37.35111457956058,-122.01092942247251,Vacant site (Medium,No,California Buckeye
952 BRYANT WY,37.35108255310477,-122.01215923099242,Vacant site (Small,No,Netleaf Hackberry
1285 BROOKINGS LN,37.349386491134474,-122.06077340966903,Vacant site (Medium,No,Texas Ebony
1285 BROOKINGS LN,37.349386491134474,-122.06077340966903,Vacant site (Medium,No,Catalina Ironwood
1288 BROOKINGS LN,37.348894737187706,-122.0607215412575,Vacant site (Medium,No,Texas Ebony
1290 BROOKINGS LN,37.349123804264764,-122.060754014202,Vacant site (Medium,No,Netleaf Hackberry
1290 BROOKINGS LN,37.349123804264764,-122.060754014202,Vacant site (Medium,No,California Buckeye
1291 BROOKINGS LN,37.349308589322945,-122.06130830666103,Vacant site (Medium,No,Desert Willow
1095 CASTLETON WY,37.34904953475357,-122.00222694841759,Vacant site (Medium,No,Texas Ebony
1074 CASTLETON WY,37.349030573344976,-122.00306859484178,Vacant site (Medium,No,Catalina Ironwood
1050 CASTLETON WY,37.349000011050286,-122.00420397801678,Vacant site (Medium,No,Netleaf Hackberry
543 CASTLEROCK CT,37.347084529158835,-122.03436649242762,Vacant site (Medium,No,Texas Ebony
539 CASTLEROCK CT,37.34708558678086,-122.03420847376944,Vacant site (Medium,No,California Buckeye
536 CASTLEROCK CT,37.34702956806067,-122.03421831262433,Vacant site (Medium,No,Catalina Ironwood
535 CASTLEROCK CT,37.34708558932705,-122.03404647331932,Vacant site (Medium,No,Netleaf Hackberry
952 BRYANT WY,37.35108255310477,-122.01215923099242,Vacant site (Small,No,Desert Willow
952 BRYANT WY,37.35108255310477,-122.01215923099242,Vacant site (Small,No,Texas Ebony
998 CASCADE DR,37.34809959720436,-122.05472863777428,Vacant site (Small,No,California Buckeye
1285 BROOKINGS LN,37.349386488388376,-122.06077340961164,Vacant site (Medium,No,Catalina Ironwood
813 CASCADE DR,37.348180582530105,-122.04673689171338,Vacant site (Medium,No,Desert Willow
576 CASCADE DR,37.34844256857234,-122.03734039155802,Vacant site (Small,No,Texas Ebony
727 CARMEL AV,37.39022614614556,-122.01082475327992,Vacant site (Medium,No,Desert Willow
165 CARLOW CT,37.34850653013043,-122.03002780652643,Vacant site (Large,No,Netleaf Hackberry
156 CARLOW CT,37.34845156993135,-122.03022150469668,Vacant site (Medium,No,California Buckeye
857 CARLISLE WY,37.348727567493846,-122.01575906551341,Vacant site (Medium,No,Catalina Ironwood
770 CARLISLE WY,37.3486675677302,-122.01950739318877,Vacant site (Medium,No,Texas Ebony
726 CARDIGAN DR,37.34920286227652,-122.02197516498539,Vacant site (Medium,No,Netleaf Hackberry
749 CARMEL AV,37.390006101692734,-122.009892196838,Vacant site (Medium,No,California Buckeye
770 CARLISLE WY,37.3486675677302,-122.01950739318877,Vacant site (Medium,No,Catalina Ironwood
747 CARLISLE WY,37.34866827682578,-122.020745133914,Vacant site (Small,No,Desert Willow
742 CARLISLE WY,37.34855276903905,-122.02107310283655,Vacant site (Medium,No,Texas Ebony
172 CARLISLE WY,37.349189568440984,-122.02980839632444,Vacant site (Medium,No,Netleaf Hackberry
166 CARLISLE WY,37.34919954221241,-122.03001989688013,Vacant site (Medium,No,Texas Ebony
165 CARLISLE WY,37.349255561854996,-122.03003689203331,Vacant site (Medium,No,California Buckeye
142 CARLISLE WY,37.34922055010703,-122.03082900695647,Vacant site (Medium,No,Netleaf Hackberry
770 CARLISLE WY,37.34866756768562,-122.0195073966285,Vacant site (Medium,No,Catalina Ironwood
749 CARMEL AV,37.390006101692734,-122.009892196838,Vacant site (Large,No,Texas Ebony
517 CAPE BLANCO CT,37.34918559439777,-122.03318739444163,Vacant site (Medium,No,Catalina Ironwood
755 CARMEL AV,37.389978127149746,-122.00976275550666,Vacant site (Medium,No,California Buckeye
1097 BUTTE CT,37.34893979595019,-122.05934912456526,Vacant site (Medium,No,Netleaf Hackberry
1098 BUTTE CT,37.348854539240044,-122.05930988959896,Vacant site (Medium,No,Texas Ebony
1297 CALDWELL CT,37.34851756336551,-122.0619106394872,Vacant site (Medium,No,Desert Willow
1713 CALGARY DR,37.33654999984047,-122.05681318279862,Vacant site (Medium,No,California Buckeye
620 CALIENTE DR,37.39106681267121,-122.0137713119001,Vacant site (Medium,No,Netleaf Hackberry
642 CALIENTE DR,37.39096202590656,-122.01315112599931,Vacant site (Medium,No,Texas Ebony
565 CARRICK CT,37.34836958114793,-122.02850689272779,Vacant site (Medium,No,Catalina Ironwood
562 CARRICK CT,37.34831754242906,-122.02869855603562,Vacant site (Medium,No,Catalina Ironwood
561 CARRICK CT,37.34837055445683,-122.02869933458432,Vacant site (Medium,No,Texas Ebony
784 CARMEL AV,37.38966358374203,-122.00908723364311,Vacant - Misc [special condition],No,Netleaf Hackberry
784 CARMEL AV,37.389579251391844,-122.0090912472361,Vacant - Misc [special condition],No,California Buckeye
1658 CANARY DR,37.33843906172239,-122.0276923111757,Vacant site (Medium,No,Texas Ebony
1695 CANARY DR,37.33782706176015,-122.02776199395119,Vacant site (Medium,No,Catalina Ironwood
1695 CANARY DR,37.33782706450627,-122.02776199400735,Vacant site (Medium,No,Netleaf Hackberry
767 CARMEL AV,37.38989712774052,-122.00939473000439,Vacant site (Medium,No,Desert Willow
584 CASCADE DR,37.34846154320525,-122.03815092383233,Vacant site (Medium,No,Texas Ebony
1168 BLAZINGWOOD DR,37.39815150022727,-121.9950543978636,Vacant site (Medium,No,California Buckeye
1281 BROOKINGS LN,37.349885618900146,-122.06084168345132,Vacant site (Medium,No,Catalina Ironwood
1274 BROOKINGS LN,37.3492243420048,-122.06069520372635,Vacant site (Medium,No,Netleaf Hackberry
593 CLEARWATER CT,37.34771767359344,-122.03852767822191,Vacant site (Medium,No,Texas Ebony
589 CLEARWATER CT,37.347719706147004,-122.038529151382,Vacant site (Medium,No,California Buckeye
461 CIRRUS AV,37.362360996463856,-122.02859217834362,Vacant site (Medium,No,Catalina Ironwood
461 CIRRUS AV,37.362360996463856,-122.02859217834362,Vacant site (Medium,No,Netleaf Hackberry
461 CIRRUS AV,37.36236099371778,-122.02859217828741,Vacant site (Medium,No,Texas Ebony
457 CIRRUS AV,37.36236818733896,-122.02862254009685,Vacant site (Medium,No,California Buckeye
596 CLEARWATER CT,37.347683507137525,-122.03858866847962,Vacant site (Medium,No,Texas Ebony
453 CIRRUS AV,37.36237537816134,-122.0286529052963,Vacant site (Medium,No,Catalina Ironwood
1496 CHUKAR CT,37.34505406132924,-122.02720382082082,Vacant site (Medium,No,Netleaf Hackberry
1495 CHUKAR CT,37.34500906066101,-122.02727143219106,Vacant site (Medium,No,Texas Ebony
1479 CHUKAR CT,37.34543210306203,-122.02727147560527,Vacant site (Medium,No,Catalina Ironwood
767 CHOPIN DR,37.35537632695898,-122.01955191334994,Vacant site (Medium,No,Desert Willow
763 CHOPIN DR,37.35549332703955,-122.01970138819736,Vacant site (Medium,No,Netleaf Hackberry
752 CHOPIN DR,37.35578781378537,-122.0201654162451,Vacant site (Medium,No,California Buckeye
173 CIRRUS AV,37.36249155386255,-122.02992888872501,Vacant site (Small,No,Desert Willow
998 BONNEVILLE WY,37.34888657842104,-122.05386933566507,Vacant site (Medium,No,California Buckeye
998 BONNEVILLE WY,37.34888657837542,-122.05386933910484,Vacant site (Small,No,Desert Willow
974 BONNEVILLE WY,37.34886760433889,-122.05315817001198,Vacant site (Small,No,Texas Ebony
928 COEUR D'ALENE WY,37.34554465443379,-122.0518475187078,Vacant site (Small,No,Catalina Ironwood
1660 BLUE JAY DR,37.3390056128699,-122.02884290088933,Vacant site (Medium,No,Desert Willow
1696 BLUE JAY DR,37.337751111154624,-122.02888261888523,Vacant site (Medium,No,Netleaf Hackberry
1186 CRANDANO CT,37.356332563092835,-122.05743802606531,Vacant site (Medium,No,Texas Ebony
1352 BLUEBIRD CT,37.35032836504191,-122.03045381345694,Vacant site (Medium,No,Catalina Ironwood
1353 BLUEBIRD CT,37.3503106480518,-122.03052343865136,Vacant site (Medium,No,Netleaf Hackberry
1360 BLUEBIRD CT,37.350193366829465,-122.03046281511818,Vacant site (Large,No,Texas Ebony
1368 BLUEBIRD CT,37.34996747337087,-122.0304648485517,Vacant site (Medium,No,California Buckeye
1120 CLYDEBANK CT,37.3475902364119,-122.00126466524404,Vacant site (Small,No,Catalina Ironwood
1110 CLYDEBANK CT,37.34749322870956,-122.00127266950565,Vacant site (Medium,No,Texas Ebony
559 BOBOLINK CIR,37.35158453151351,-122.02867993725296,Vacant site (Medium,No,Netleaf Hackberry
1315 BOBOLINK CIR,37.35136306084969,-122.028712490089,Vacant site (Medium,No,California Buckeye
649 BOISE CT,37.34991855546281,-122.039950893329,Vacant site (Medium,No,Catalina Ironwood
667 BOISE CT,37.349917580758614,-122.04047890501006,Vacant site (Small,No,Texas Ebony
654 BONANZA CT,37.34909558702283,-122.04027939184932,Vacant site (Medium,No,Netleaf Hackberry
702 CHOPIN DR,37.35696459229316,-122.0224225678157,Vacant site (Medium,No,California Buckeye
1279 BROOKINGS LN,37.349930699602524,-122.0608501880973,Vacant site (Medium,No,Texas Ebony
590 CHILOQUIN CT,37.34583859919212,-122.03619485251812,Vacant site (Medium,No,Catalina Ironwood
562 CHILOQUIN CT,37.345895567967546,-122.0357880580822,Vacant site (Medium,No,Netleaf Hackberry
919 CHELAN DR,37.346300190117425,-122.05136746421806,Vacant site (Small,No,Texas Ebony
919 CHELAN DR,37.346300190117425,-122.05136746421806,Vacant site (Small,No,California Buckeye
801 CEZANNE DR,37.36487321240672,-122.02896272187361,Vacant site (Small,No,Catalina Ironwood
573 CENTRALIA CT,37.34753948761894,-122.03723290911712,Vacant site (Medium,No,Netleaf Hackberry
1082 CELILO DR,37.34693656314162,-122.05836938919062,Vacant site (Small,No,Texas Ebony
218 BRADFORD DR,37.402878051393024,-122.02338391714672,Vacant site (Medium,No,Desert Willow
920 CHELAN DR,37.34622662043322,-122.05180701730424,Vacant site (Small,No,California Buckeye
123 BRAHMS WY,37.36336758217209,-122.03115872967885,Vacant site (Large,No,Desert Willow
1396 BREMERTON DR,37.34946197173774,-122.05041697984996,Vacant site (Medium,No,Netleaf Hackberry
862 CATHEDRAL DR,37.347969781900254,-122.04805288535579,Vacant site (Medium,No,Desert Willow
862 CATHEDRAL DR,37.34796977915416,-122.04805288529887,Vacant site (Medium,No,Desert Willow
849 CATHEDRAL DR,37.34794334651002,-122.04798589527995,Vacant site (Medium,No,California Buckeye
1270 BROOKINGS LN,37.34967112668897,-122.06072442167196,Vacant site (Medium,No,Catalina Ironwood
1272 BROOKINGS LN,37.34948170931429,-122.06071286729768,Vacant site (Medium,No,Texas Ebony
455 BRAHMS WY,37.36306715177242,-122.0290303747009,Vacant site (Medium,No,Netleaf Hackberry
925 CHELAN DR,37.346312480617684,-122.0514956295726,Vacant site (Small,No,Texas Ebony
931 CHELAN DR,37.34628450509202,-122.05174931364239,Vacant site (Small,No,Catalina Ironwood
943 CHELAN DR,37.34623950448418,-122.0522632875834,Vacant site (Small,No,Texas Ebony
561 CHILOQUIN CT,37.34595053130474,-122.03577072943109,Vacant site (Medium,No,Catalina Ironwood
1493 CHICKADEE CT,37.34499223501438,-122.02821141379883,Vacant site (Medium,No,Netleaf Hackberry
1490 CHICKADEE CT,37.345178888831555,-122.0281458334146,Vacant site (Medium,No,California Buckeye
1482 CHICKADEE CT,37.34541091777232,-122.02813586090892,Vacant site (Medium,No,Texas Ebony
544 CHEYENNE DR,37.34663356937258,-122.03579730800973,Vacant site (Medium,No,Netleaf Hackberry
523 CHEYENNE DR,37.346676542960125,-122.0334491159453,Vacant site (Medium,No,Catalina Ironwood
520 CHEYENNE DR,37.346625541805075,-122.03322806152705,Vacant site (Medium,No,Texas Ebony
516 CHEYENNE DR,37.3466135360819,-122.03306966912824,Vacant site (Medium,No,California Buckeye
512 CHEYENNE DR,37.34661353678961,-122.03291756134752,Vacant site (Medium,No,Catalina Ironwood
504 CHEYENNE DR,37.34661459418435,-122.03262056170198,Vacant site (Medium,No,Netleaf Hackberry
657 CHESHIRE WY,37.34812058811238,-122.02403906144532,Vacant site (Small,No,Desert Willow
651 CHESHIRE WY,37.34812156237851,-122.02423706254393,Vacant site (Large,No,Desert Willow
633 CHESHIRE WY,37.34811053015957,-122.02489856165661,Vacant site (Small,No,Desert Willow
982 CHELAN DR,37.346225731260745,-122.05390059515177,Vacant site (Small,No,Texas Ebony
955 CHELAN DR,37.346216549852954,-122.05271739224358,Vacant site (Small,No,California Buckeye
590 CHILOQUIN CT,37.34583859914705,-122.03619485595775,Vacant site (Medium,No,Catalina Ironwood
119 CRESCENT AV,37.356415902313465,-122.03139938325481,Vacant site (Small,No,Texas Ebony
1488 BELLEVILLE WY,37.34554359589649,-122.06113764469183,Vacant site (Medium,No,Netleaf Hackberry
1291 ALBION LN,37.3508125630493,-122.06212713921869,Vacant site (Medium,No,California Buckeye
1523 ALBATROSS DR,37.34397352719204,-122.03123337977641,Vacant site (Medium,No,Texas Ebony
1523 ALBATROSS DR,37.34397352993815,-122.03123337983268,Vacant site (Medium,No,Catalina Ironwood
1628 ALBATROSS DR,37.34052341820181,-122.0312794524955,Vacant site (Medium,No,Netleaf Hackberry
1640 ALBATROSS DR,37.339924524136606,-122.03142331123826,Vacant site (Medium,No,California Buckeye
563 ALBERTA AV,37.343040585187175,-122.03559892069126,Vacant site (Medium,No,Desert Willow
566 ALBERTA AV,37.34298954521551,-122.0352668664465,Vacant site (Medium,No,California Buckeye
575 ALBERTA AV,37.34302455750962,-122.03647689378862,Vacant site (Medium,No,Texas Ebony
1515 ALBATROSS DR,37.34420531578387,-122.03126475268516,Vacant site (Medium,No,Catalina Ironwood
598 ALBERTA AV,37.34296959470291,-122.03668839448713,Vacant site (Medium,No,Netleaf Hackberry
643 ALBERTA AV,37.343025531928035,-122.03886669627086,Vacant site (Medium,No,Desert Willow
651 ALBERTA AV,37.34302553087147,-122.0391178051004,Vacant site (Medium,No,California Buckeye
1258 ALBION CT,37.35070615772299,-122.06262300849664,Vacant site (Small,No,Texas Ebony
1269 ALBION CT,37.35084997019351,-122.06265425180176,Vacant site (Small,No,Netleaf Hackberry
1293 ALBION CT,37.35080955583285,-122.06264888866487,Vacant site (Medium,No,Catalina Ironwood
730 ASHBOURNE DR,37.35158056177445,-122.02181100715524,Vacant site (Medium,No,Texas Ebony
1387 ARLEEN AV,37.349041059640115,-122.0191119798783,Vacant site (Medium,No,Catalina Ironwood
605 ALBERTA AV,37.34303258056101,-122.03753889376816,Vacant site (Medium,No,California Buckeye
1510 ALBATROSS DR,37.344361595211645,-122.0311829004828,Vacant site (Medium,No,Texas Ebony
1502 ALBATROSS DR,37.344613344480074,-122.03119287328721,Vacant site (Large,No,Netleaf Hackberry
1381 ARLEEN AV,37.34928405960219,-122.01911144015752,Vacant site (Medium,No,Texas Ebony
197 CUMULUS AV,37.36172833553497,-122.0298168487323,Vacant site (Medium,No,Catalina Ironwood
448 CUMULUS AV,37.361491120106365,-122.02901497093983,Vacant site (Medium,No,Netleaf Hackberry
838 DEVONSHIRE WY,37.34593059408852,-122.01697839488783,Vacant site (Medium,No,Texas Ebony
834 DARTSHIRE WY,37.34671359481012,-122.01718106182102,Vacant site (Small,No,California Buckeye
746 DEVONSHIRE WY,37.34593959183076,-122.02060989700388,Vacant site (Medium,No,Netleaf Hackberry
460 CUMULUS AV,37.3614119020336,-122.02865621601892,Vacant site (Medium,No,Catalina Ironwood
470 CUMULUS AV,37.36129214620554,-122.0281576714246,Vacant site (Medium,No,Texas Ebony
634 DERBY CT,37.346510898287264,-122.02459864462841,Vacant site (Medium,No,California Buckeye
1327 ALRIDGE DR,37.350989083617804,-122.04051142613748,Vacant site (Medium,No,Netleaf Hackberry
1326 ALRIDGE DR,37.35099507647625,-122.04044230056665,Vacant site (Medium,No,Catalina Ironwood
1005 ASTORIA DR,37.35044746501471,-122.05518695879486,Vacant site (Medium,No,Texas Ebony
1005 ASTORIA DR,37.35044746501471,-122.05518695879486,Vacant site (Medium,No,Netleaf Hackberry
1345 ARLEEN AV,37.35049006146245,-122.01911144187373,Vacant site (Medium,No,Catalina Ironwood
1380 ARLEEN AV,37.34925706210129,-122.01904586217591,Vacant site (Small,No,Texas Ebony
962 DUNFORD WY,37.345190789353765,-122.00956895709359,Vacant site (Medium,No,California Buckeye
962 DUNFORD WY,37.34521959275734,-122.00954889610892,Vacant site (Medium,No,Netleaf Hackberry
747 DUNCARDINE WY,37.34523847033431,-122.0206179934369,Vacant site (Medium,No,Catalina Ironwood
1393 ARLEEN AV,37.34886106125904,-122.01911250012505,Vacant site (Medium,No,Texas Ebony
1620 CROW CT,37.34016744923507,-122.02683581879683,Vacant site (Medium,No,California Buckeye
1394 ARLEEN AV,37.348852596033296,-122.01900203389822,Vacant site (Medium,No,Catalina Ironwood
1394 ARLEEN AV,37.348823256082696,-122.01906336935077,Vacant site (Medium,No,Texas Ebony
594 DUBLIN WY,37.34608359446432,-122.02676591486299,Vacant site (Medium,No,Netleaf Hackberry
1000 DE GUIGNE DR,37.38693843677884,-122.0039805896007,Vacant site (Large,No,Desert Willow
598 DUBLIN WY,37.3461232725599,-122.02657969753915,Vacant site (Medium,No,California Buckeye
915 DE GUIGNE DR,37.386541733161785,-122.00630481999283,Vacant site (Medium,No,Desert Willow
525 DAVENPORT CT,37.34443958928839,-122.03348014485931,Vacant site (Medium,No,Catalina Ironwood
819 ALLISON WY,37.35163755566125,-122.04720039105862,Vacant site (Large,No,Netleaf Hackberry
502 DAVENPORT CT,37.34439652778062,-122.03271758857497,Vacant site (Medium,No,Texas Ebony
574 DUBLIN WY,37.34608456738027,-122.02789089372713,Vacant site (Medium,No,California Buckeye
870 DARTSHIRE WY,37.34673159171046,-122.01531803188537,Vacant site (Medium,No,Desert Willow
1471 DARTSHIRE CT,37.34615301408524,-122.01495140812618,Vacant site (Medium,No,Texas Ebony
1474 DARTSHIRE CT,37.34609621567252,-122.01488442164002,Vacant site (Medium,No,Catalina Ironwood
1486 DARTSHIRE CT,37.34573504344606,-122.01487484117023,Vacant site (Small,No,Netleaf Hackberry
1494 DARTSHIRE CT,37.3457310221889,-122.01487334557683,Vacant site (Medium,No,Texas Ebony
761 DARTSHIRE WY,37.34678056024194,-122.01995756423183,Vacant site (Large,No,California Buckeye
765 DARTSHIRE WY,37.34678153461527,-122.01952989659692,Vacant site (Small,No,Netleaf Hackberry
765 DARTSHIRE WY,37.34678153740594,-122.0195298932131,Vacant site (Medium,No,Texas Ebony
835 DARTSHIRE WY,37.34676705578559,-122.01703595072324,Vacant site (Medium,No,Catalina Ironwood
814 ALLISON WY,37.35158313852847,-122.04697911399025,Vacant site (Medium,No,California Buckeye
814 ALLISON WY,37.35158259375003,-122.04702039244962,Vacant site (Medium,No,Desert Willow
802 ALLISON WY,37.35156467985903,-122.04639184642201,Vacant site (Medium,No,Netleaf Hackberry
1293 ALBION CT,37.350810106114395,-122.06260761074712,Vacant site (Medium,No,Texas Ebony
1294 ALBION CT,37.35075557017306,-122.06263088924058,Vacant site (Medium,No,Catalina Ironwood
631 ASHBOURNE DR,37.35166756060081,-122.02469577869725,Vacant site (Medium,No,Texas Ebony
625 ASHBOURNE DR,37.3516755030651,-122.02502591721789,Vacant site (Medium,No,Netleaf Hackberry
1262 ALBION LN,37.35137771121665,-122.06141114976504,Vacant site (Medium,No,California Buckeye
587 ARRAN CT,37.35152557257547,-122.02708621266247,Vacant site (Medium,No,Catalina Ironwood
1263 ALBION LN,37.35155852822114,-122.06172002313957,Vacant site (Medium,No,California Buckeye
1273 ALBION LN,37.35085539133896,-122.06173840691729,Vacant site (Medium,No,Texas Ebony
1276 ALBION LN,37.35079600274329,-122.06123623188672,Vacant site (Medium,No,Netleaf Hackberry
1281 ALBION LN,37.35082156461906,-122.0615511403498,Vacant site (Medium,No,Catalina Ironwood
1281 ALBION LN,37.35082156461906,-122.0615511403498,Vacant site (Medium,No,Texas Ebony
1287 ALBION LN,37.35081158851809,-122.0618471662196,Vacant site (Medium,No,Netleaf Hackberry
551 DUBLIN WY,37.346148094326445,-122.02946514032013,Vacant site (Medium,No,Desert Willow
551 DUBLIN WY,37.346118746151525,-122.02952646938715,Vacant site (Medium,No,Desert Willow
1345 ALICE WY,37.349833060518186,-122.01161439545629,Vacant site (Medium,No,California Buckeye
1347 ALICE WY,37.349833060518186,-122.01161439545629,Vacant site (Medium,No,Catalina Ironwood
801 ALLISON WY,37.3516204477947,-122.04641796738262,Vacant site (Large,No,Texas Ebony
724 ASHBOURNE DR,37.35158259346056,-122.02225723041224,Vacant site (Medium,No,Netleaf Hackberry
1015 AZALEA DR,37.36923354684776,-122.00604632947797,Vacant site (Medium,No,Catalina Ironwood
834 DEVONSHIRE WY,37.34593059241149,-122.01718989476603,Vacant site (Large,No,California Buckeye
301 BANNING AV,37.38203765620831,-122.02285756723965,Vacant site (Medium,No,Texas Ebony
602 CRESCENT AV,37.355117005036924,-122.02570611457858,Vacant site (Medium,No,Catalina Ironwood
606 CRESCENT AV,37.35508197928082,-122.0255846146189,Vacant site (Medium,No,Netleaf Hackberry
671 CRESCENT AV,37.35487908428176,-122.02431180979175,Vacant site (Large,No,Texas Ebony
690 CRESCENT AV,37.35457873456886,-122.02352411025099,Vacant site (Medium,No,California Buckeye
475 ACALANES DR,37.376575059694304,-122.05890808717216,Vacant site (Medium,No,Netleaf Hackberry
1346 DUNNOCK WY,37.35006490250839,-122.02497269691119,Vacant site (Medium,No,Texas Ebony
1326 DUNNOCK WY,37.350896665045646,-122.02495629374631,Vacant site (Medium,No,Catalina Ironwood
554 CRESCENT AV,37.355425927422345,-122.0271426900696,Vacant site (Medium,No,Catalina Ironwood
1322 DUNNOCK WY,37.35105972167007,-122.0249768467849,Vacant site (Medium,No,California Buckeye
726 BANTRY CT,37.34993656861041,-122.02187744299171,Vacant site (Medium,No,Desert Willow
1732 BANFF DR,37.33590067545907,-122.05766230596159,Vacant site (Medium,No,Texas Ebony
1305 DUNNOCK WY,37.3516586358725,-122.02506151206121,Vacant site (Small,No,Netleaf Hackberry
647 DUNHOLME WY,37.344862587065194,-122.02403864407731,Vacant site (Medium,No,Catalina Ironwood
1095 DUNFORD WY,37.345388476034486,-122.00362930151083,Vacant site (Medium,No,California Buckeye
1095 DUNFORD WY,37.34533530607782,-122.00358324000851,Vacant site (Medium,No,Texas Ebony
1080 DUNFORD WY,37.345347841424115,-122.00415236155803,Vacant site (Medium,No,Netleaf Hackberry
738 BANTRY CT,37.349936568966484,-122.02133889452601,Vacant site (Medium,No,Desert Willow
1072 DUNFORD WY,37.34533756768136,-122.00455817827347,Vacant site (Medium,No,Texas Ebony
428 CRESCENT AV,37.35591296714786,-122.02942607782737,Vacant site (Medium,No,Catalina Ironwood
1366 DUNNOCK WY,37.34919991842348,-122.0250470474482,Vacant site (Medium,No,Netleaf Hackberry
147 CRESCENT AV,37.356207186960255,-122.0305418737389,Vacant site (Medium,No,Texas Ebony
147 CRESCENT AV,37.356207186960255,-122.0305418737389,Vacant site (Medium,No,Catalina Ironwood
147 CRESCENT AV,37.356207186960255,-122.0305418737389,Vacant site (Medium,No,California Buckeye
395 ANO NUEVO AV,37.39035876833663,-122.0442831011347,Vacant site (Medium,No,Netleaf Hackberry
800 ACACIA AV,37.37892102764298,-122.01913594514691,Vacant site (Medium,No,California Buckeye
396 ANO NUEVO AV,37.39107072083137,-122.04387044476368,Vacant site (Medium,No,Texas Ebony
175 ACALANES DR,37.38283376573113,-122.05705250024376,Vacant site (Small,No,Texas Ebony
471 ACALANES DR,37.37642849181346,-122.05892887005399,Vacant site (Medium,No,Desert Willow
562 DUVALL CT,37.345174595149075,-122.03579739308934,Vacant site (Medium,No,Catalina Ironwood
421 CRESCENT AV,37.35603029937433,-122.02968534780635,Vacant site (Medium,No,Netleaf Hackberry
425 CRESCENT AV,37.35595609873175,-122.02937464736266,Vacant site (Medium,No,Catalina Ironwood
561 DUVALL CT,37.345231589130236,-122.0357883945499,Vacant site (Medium,No,California Buckeye
810 DURSHIRE WY,37.34443659354452,-122.01836800496635,Vacant site (Small,No,Desert Willow
773 DURSHIRE WY,37.344501528141016,-122.01961981119453,Vacant site (Medium,No,Texas Ebony
772 DURSHIRE WY,37.344446570073785,-122.01961998007998,Vacant site (Medium,No,Netleaf Hackberry
732 DURSHIRE WY,37.34346841971974,-122.02077399796904,Vacant site (Medium,No,California Buckeye
418 CRESCENT AV,37.355997886267616,-122.02980346753291,Vacant site (Medium,No,Texas Ebony
980 DUNFORD WY,37.345228193070895,-122.00892087995994,Vacant site (Medium,No,Netleaf Hackberry
835 DARTSHIRE WY,37.34676652155064,-122.01707722673807,Vacant site (Medium,No,California Buckeye
838 AZURE ST,37.362663656933876,-122.03151679411049,Vacant site (Medium,No,Desert Willow
651 DORSET WY,37.34578058819096,-122.02422806250537,Vacant site (Medium,No,Desert Willow
1440 DOVE LN,37.34743849511179,-122.02554597781743,Vacant site (Medium,No,Catalina Ironwood
980 DUNFORD WY,37.3451711178523,-122.00891972721158,Vacant site (Medium,No,Texas Ebony
842 AZURE ST,37.362537015202555,-122.03149294734163,Vacant site (Medium,No,Netleaf Hackberry
901 AZURE ST,37.361452212830095,-122.031414516069,Vacant site (Medium,No,Catalina Ironwood
939 AZURE ST,37.3602417430252,-122.03153391941254,Vacant site (Medium,No,Texas Ebony
956 AZURE ST,37.3601155678489,-122.03136039095615,Vacant site (Medium,No,Catalina Ironwood
1143 DOON CT,37.34602057831246,-122.00115847079864,Vacant site (Medium,No,California Buckeye
968 AZURE ST,37.360104618175434,-122.03059041942174,Vacant site (Medium,No,Texas Ebony
970 AZURE ST,37.360054207459484,-122.03041648031414,Vacant site (Small,No,Netleaf Hackberry
970 AZURE ST,37.3600824782163,-122.03043770670958,Vacant site (Small,No,Catalina Ironwood
459 ARBOR AV /E,37.38726620554612,-122.01923520125898,Vacant site (Small,No,Desert Willow
1471 DOVE LN,37.34609329623936,-122.02538976730558,Vacant site (Medium,No,California Buckeye
198 DONNER CT,37.37943971018726,-122.0439352768893,Vacant site (Small,No,Netleaf Hackberry
1351 DRYSDALE DR,37.350578972223474,-122.05678491706803,Vacant site (Medium,No,Texas Ebony
962 DUNFORD WY,37.34524786456592,-122.00957011033817,Vacant site (Medium,No,California Buckeye
980 DUNFORD WY,37.34519992114483,-122.00889966598193,Vacant site (Medium,No,Texas Ebony
980 DUNFORD WY,37.34520045250033,-122.00885839077425,Vacant site (Medium,No,Netleaf Hackberry
1350 DRYSDALE DR,37.350947906575286,-122.05669932910425,Vacant site (Medium,No,Catalina Ironwood
1603 CROW CT,37.34100367376761,-122.02688497477725,Vacant site (Medium,No,Desert Willow
581 DAWN DR,37.36065458020497,-122.03583764124855,Vacant site (Medium,No,Holly Oak
557 DAWN DR,37.360655554026806,-122.03479847743913,Vacant site (Medium,No,Interior Live Oak
551 DAWN DR,37.36066552875546,-122.03454744905572,Vacant site (Medium,No,Holly Oak
545 DAWN DR,37.36066552836265,-122.03428997678122,Vacant site (Medium,No,Interior Live Oak
1147 BODEGA DR,37.3827413020474,-122.05035498350716,Vacant site (Medium,No,Holly Oak
524 CHERRYWOOD DR,37.36410758444357,-122.03343989339633,Vacant site (Medium,No,Interior Live Oak
528 CHERRYWOOD DR,37.36411604588612,-122.03369179036352,Vacant site (Medium,No,Holly Oak
572 CHERRYWOOD DR,37.36411756168942,-122.03581988935169,Vacant site (Medium,No,Interior Live Oak
528 CHERRYWOOD DR,37.364149539157914,-122.03365118151906,Vacant site (Medium,No,Holly Oak
620 ARQUES AV /E,37.38143146594433,-122.01736440847043,Vacant site (Medium,No,Interior Live Oak
620 ARQUES AV /E,37.381420163739,-122.01736666749824,Vacant site (Large,No,Holly Oak
1147 BODEGA DR,37.3827413020929,-122.05035498006588,Vacant site (Medium,No,Interior Live Oak
585 CHERRYWOOD DR,37.364169535948854,-122.03632839027021,Vacant site (Small,No,Holly Oak
572 CHERRYWOOD DR,37.36411756168942,-122.03581988935169,Vacant site (Medium,No,Interior Live Oak
565 CHERRYWOOD DR,37.36416953674938,-122.03536989235782,Vacant site (Medium,No,Holly Oak
1163 BODEGA DR,37.382914166662395,-122.05122089940741,Vacant site (Medium,No,Interior Live Oak
152 CAYMUS CT,37.38277049574352,-122.05147442794686,Vacant site (Medium,No,Holly Oak
1287 ANVILWOOD AV,37.40895413898179,-121.99380497215651,Vacant site (Medium,No,Interior Live Oak
333 BAYVIEW AV /N,37.384298687843284,-122.02338128541196,Vacant site (Medium,No,Holly Oak
1288 ANVILWOOD AV,37.408876647141376,-121.99373477337325,Vacant site (Medium,No,Interior Live Oak
1288 ANVILWOOD AV,37.40893372504979,-121.99373591555072,Vacant site (Medium,No,Holly Oak
401 CENTRAL AV,37.372271167145385,-122.0244460605393,Vacant site (Medium,No,Interior Live Oak
1294 ANVILWOOD CT,37.40899558452702,-121.99342989306605,Vacant site (Medium,No,Holly Oak
1294 ANVILWOOD CT,37.40896263119849,-121.99342923377631,Vacant site (Medium,No,Interior Live Oak
1294 ANVILWOOD CT,37.40902853785547,-121.99343055235639,Vacant site (Medium,No,Holly Oak
1179 BODEGA DR,37.38309514253833,-122.05203425596135,Vacant site (Medium,No,Interior Live Oak
401 CENTRAL AV,37.372289564198155,-122.02452115306099,Vacant site (Medium,No,Holly Oak
401 CENTRAL AV,37.37223945492458,-122.02447395220993,Vacant site (Medium,No,Interior Live Oak
757 BLUE SAGE DR,37.368095377317324,-122.01649637944061,Vacant - Misc [special condition],No,Holly Oak
906 BLUEBELL WY,37.36813358952705,-122.0129375621373,Vacant site (Medium,No,Interior Live Oak
906 BLUEBELL WY,37.36813359227316,-122.01293756219295,Vacant site (Medium,No,Holly Oak
914 BLUEBELL WY,37.368133589469274,-122.01247856213917,Vacant site (Medium,No,Interior Live Oak
305 ARQUES AV /E,37.382869164582964,-122.02365292876205,Vacant site (Medium,No,Holly Oak
305 ARQUES AV /E,37.38286916732909,-122.02365292881808,Vacant site (Medium,No,Interior Live Oak
163 CAYMUS CT,37.382543473881896,-122.05160985160214,Vacant site (Medium,No,Holly Oak
733 BLUE SAGE DR,37.36818052719047,-122.0177166987985,Vacant site (Medium,No,Holly Oak
152 CAYMUS CT,37.38277049295192,-122.05147443133109,Vacant site (Medium,No,Interior Live Oak
334 BAYVIEW AV /N,37.38338942604847,-122.02361500174878,Vacant site (Medium,No,Holly Oak
304 AMERICA AV,37.38207364570674,-122.01934588965305,Vacant site (Small,No,Interior Live Oak
650 BERNARDO AV /S,37.37195993484651,-122.05691819050901,Vacant site (Large,No,Holly Oak
967 BERMUDA CT,37.36817152645382,-122.00872034117212,Vacant site (Medium,No,Interior Live Oak
931 BERMUDA CT,37.368162547967835,-122.00967029337362,Vacant site (Medium,No,Holly Oak
640 AZARA PL,37.369953877157506,-122.020794885342,Vacant site (Medium,No,Interior Live Oak
880 ADONIS CT,37.36884253664107,-122.01209100378571,Vacant site (Small,No,Holly Oak
1001 CANDLEWOOD AV,37.39444772229224,-121.99227073114521,Vacant site (Medium,No,Interior Live Oak
700 BERNARDO AV /S,37.37123210817708,-122.05714614780418,Vacant site (Large,No,Holly Oak
992 BELLOMO AV,37.35642783421477,-122.01551115868348,Vacant site (Medium,No,Interior Live Oak
987 BELLOMO AV,37.35667898321565,-122.01563218918666,Vacant site (Medium,No,Holly Oak
985 BELLOMO AV,37.35667213849248,-122.0156049659817,Vacant site (Medium,No,Interior Live Oak
973 BELLOMO AV,37.35726909788216,-122.01564921072716,Vacant site (Medium,No,Holly Oak
964 BELLOMO AV,37.35722254298756,-122.01555394341834,Vacant site (Medium,No,Interior Live Oak
669 AZARA PL,37.3697561671508,-122.01956285044783,Vacant site (Medium,No,Holly Oak
651 AZARA PL,37.36989821913735,-122.02023139842179,Vacant site (Medium,No,Interior Live Oak
991 BELLOMO AV,37.356447138572,-122.01559447196055,Vacant site (Medium,No,Holly Oak
755 BERNARDO AV /S,37.37083341473035,-122.05744164817638,Vacant site (Medium,No,Interior Live Oak
651 AZARA PL,37.36989821634663,-122.02023140180661,Vacant site (Medium,No,Holly Oak
1019 CASSIA WY,37.36627252771717,-122.00636739667846,Vacant site (Medium,No,Interior Live Oak
1003 CASSIA WY,37.3662495692836,-122.00728857470784,Vacant site (Small,No,Holly Oak
340 BAYVIEW AV /N,37.383549479412444,-122.02355550459839,Vacant site (Small,No,Interior Live Oak
309 BAYVIEW AV /N,37.38336366295159,-122.02369284605173,Vacant site (Medium,No,Holly Oak
1031 DAISY CT,37.36553533280393,-122.00551349088664,Vacant site (Small,No,Interior Live Oak
329 BAYVIEW AV /N,37.384155662930134,-122.02343078683994,Vacant site (Medium,No,Holly Oak
163 CHARLES ST,37.37787837858209,-122.03518886538328,Vacant site (Medium,No,Coast Live Oak
866 CEDAR AV,37.377220918536224,-122.01774519468403,Vacant site (Large,No,Valley Oak
861 CEDAR AV,37.37730117101376,-122.01785311748284,Vacant site (Small,No,Coast Live Oak
831 CEDAR AV,37.377474204153025,-122.01867309104598,Vacant site (Small,No,Coast Live Oak
830 CEDAR AV,37.37743797825439,-122.01874419547187,Vacant site (Small,No,Coast Live Oak
245 CHARLES ST,37.37623126502034,-122.03575301142226,Vacant site (Small,No,Coast Live Oak
280 CHARLES ST,37.37568126411711,-122.03589807393931,Vacant site (Medium,No,Coast Live Oak
810 CAROLINA AV,37.394873174527575,-122.01607810566445,Vacant site (Small,No,Coast Live Oak
406 CHARLES ST,37.373781746520294,-122.0364688279569,Vacant site (Small,No,Coast Live Oak
825 CEDAR AV,37.37751717217696,-122.01887312181942,Vacant site (Small,No,Coast Live Oak
134 CARROLL ST,37.376381603397306,-122.02793543597404,Vacant site (Small,No,Coast Live Oak
174 CARROLL ST,37.37604957723797,-122.02803493630672,Vacant site (Small,No,Coast Live Oak
298 CARROLL ST,37.37398133621152,-122.02872907761335,Vacant site (Small,No,Coast Live Oak
315 CARROLL ST,37.37351569227556,-122.02898636197975,Vacant site (Medium,No,Coast Live Oak
410 CHARLES ST,37.37349720384725,-122.03654559464958,Vacant site (Small,No,Coast Live Oak
411 CHARLES ST,37.37353388379588,-122.03661171975179,Vacant site (Small,No,Coast Live Oak
247 CHARLES ST,37.37623126502034,-122.03575301142226,Vacant site (Small,No,Coast Live Oak
799 CAROLINA AV,37.39446961111962,-122.01630228396618,Vacant site (Small,No,Coast Live Oak
690 CAROLINA AV,37.39217365589683,-122.01701539705935,Vacant site (Small,No,Coast Live Oak
167 CHARLES ST,37.3779263870322,-122.03518241756763,Vacant site (Medium,No,Coast Live Oak
100 CHARLES ST,37.37942550213302,-122.03460031773277,Vacant site (Small,No,Coast Live Oak
925 DUANE AV /E,37.3884784770639,-122.00362494308868,Vacant site (Medium,No,Coast Live Oak
601 CEZANNE DR,37.36533438758763,-122.02846317441403,Vacant site (Medium,No,Coast Live Oak
904 CARIBBEAN DR /E,37.41460433244533,-122.00409430753776,Vacant site (Large,No,Coast Live Oak
904 CARIBBEAN DR /E,37.414605391753405,-122.0040116803008,Vacant site (Large,No,Coast Live Oak
601 CARIBBEAN DR /E,37.415455837281264,-122.0067263810678,Vacant site (Medium,No,Coast Live Oak
925 DUANE AV /E,37.3884784770639,-122.00362494308868,Vacant site (Small,No,Coast Live Oak
601 CARIBBEAN DR /E,37.41542124065628,-122.0066887762203,Vacant site (Medium,No,Coast Live Oak
590 CENTRAL AV,37.368272991374475,-122.0257262330612,Vacant site (Medium,No,Coast Live Oak
101 CARIBBEAN DR /W,37.417057719190126,-122.01639235623597,Vacant site (Medium,No,Coast Live Oak
831 DWIGHT AV,37.37687112204447,-122.01892245688389,Vacant site (Small,No,Coast Live Oak
225 CENTRAL AV,37.37388555823699,-122.02398929795471,Vacant site (Medium,No,Coast Live Oak
985 DUANE AV /E,37.38853657634093,-122.00051169800787,Vacant site (Medium,No,Coast Live Oak
899 CEDAR AV,37.37714518699732,-122.0171250919207,Vacant site (Medium,No,Coast Live Oak
867 CEDAR AV,37.377268178312406,-122.01769209204699,Vacant site (Small,No,Coast Live Oak
441 CARNEROS AV,37.375794496051235,-122.05400667828191,Vacant site (Medium,No,Coast Live Oak
451 CARNEROS AV,37.375457098852884,-122.05410011312327,Vacant site (Medium,No,Coast Live Oak
749 CAROLINA AV,37.39364063458487,-122.01660025848858,Vacant site (Small,No,Coast Live Oak
830 DWIGHT AV,37.37679995014423,-122.01891685483848,Vacant site (Small,No,Coast Live Oak
1080 DUNCAN AV,37.40210089871207,-122.02391523650152,Vacant site (Small,No,Coast Live Oak
389 CARROLL ST,37.372455831278806,-122.0293217427257,Vacant site (Small,No,Coast Live Oak
1095 CARSON DR,37.38184113388266,-122.04888106665287,Vacant site (Medium,No,Coast Live Oak
1099 DUNCAN AV,37.402576178699064,-122.02401062824677,Vacant site (Medium,No,Coast Live Oak
140 CASPIAN CT,37.414200903133256,-122.01858599196316,Vacant site (Medium,No,Valley Oak
411 CHARLES ST,37.37353388379588,-122.03661171975179,Vacant site (Small,No,Coast Live Oak
1092 DUNCAN AV,37.40236443357118,-122.02389544681158,Vacant site (Small,No,Coast Live Oak
202 CASPIAN DR,37.41379461910006,-122.01713290676214,Vacant site (Large,No,Coast Live Oak
202 CASPIAN DR,37.41379515335253,-122.01709159368502,Vacant site (Large,No,Coast Live Oak
202 CASPIAN DR,37.41376634877092,-122.01711167018831,Vacant site (Large,No,Coast Live Oak
202 CASPIAN DR,37.413765814511365,-122.01715298324937,Vacant site (Large,No,Coast Live Oak
1077 CARSON DR,37.38171415900872,-122.04834459229433,Vacant site (Medium,No,Coast Live Oak
202 CASPIAN DR,37.41379408483299,-122.01717421983871,Vacant site (Large,No,Coast Live Oak
820 DUFF CT,37.36106655841139,-122.01742986824034,Vacant site (Medium,No,Coast Live Oak
1022 DUNCAN AV,37.401320903550754,-122.02419627054319,Vacant site (Small,No,Coast Live Oak
202 CASPIAN DR,37.41382342643134,-122.01711283031524,Vacant site (Large,No,Coast Live Oak
1064 CASSIA WY,37.3661905641917,-122.00391998433719,Vacant site (Medium,No,Coast Live Oak
1065 CASSIA WY,37.3662475594357,-122.0040367857339,Vacant site (Medium,No,Coast Live Oak
1062 DUNCAN AV,37.401947898472926,-122.02396571229262,Vacant site (Small,No,Coast Live Oak
1071 CASSIA WY,37.36623750039024,-122.00356780801532,Vacant site (Medium,No,Coast Live Oak
1073 CASSIA WY,37.36622655249049,-122.00338780918266,Vacant site (Medium,No,Coast Live Oak
1089 DUNCAN AV,37.40218662340133,-122.02398487118313,Vacant site (Small,No,Coast Live Oak
202 CASPIAN DR,37.41382289217137,-122.0171541434079,Vacant site (Large,No,Coast Live Oak
325 CARROLL ST,37.37329882304878,-122.02902269007333,Vacant site (Medium,No,Coast Live Oak
1065 CARSON DR,37.38164912604455,-122.04800161948285,Vacant site (Medium,No,Coast Live Oak
914 CARSON DR,37.37923169163399,-122.0429427848851,Vacant site (Medium,No,Coast Live Oak
985 DUANE AV /E,37.38853657634093,-122.00051169800787,Vacant site (Medium,No,Coast Live Oak
401 CARROLL ST,37.371951498203224,-122.02949089852302,Vacant site (Small,No,Coast Live Oak
1005 DUANE AV /E,37.388585555506964,-121.99989150586228,Vacant site (Medium,No,Coast Live Oak
1069 DUNCAN AV,37.401604157989524,-122.0241599893522,Vacant site (Small,No,Coast Live Oak
501 CARROLL ST,37.37059249559809,-122.02993038478314,Vacant site (Medium,No,Coast Live Oak
507 CARROLL ST,37.37047346418357,-122.02996891605689,Vacant site (Small,No,Coast Live Oak
1033 DUANE AV /E,37.38819412110574,-121.99877077484169,Vacant site (Medium,No,Coast Live Oak
1095 DUANE AV /E,37.386930997836785,-121.99709745268305,Vacant site (Medium,No,Coast Live Oak
1095 DUANE AV /E,37.38693152503531,-121.99705615432558,Vacant site (Medium,No,Coast Live Oak
989 CARSON DR,37.38093416680971,-122.04469216917772,Vacant site (Medium,No,Coast Live Oak
1095 DUANE AV /E,37.38693047062375,-121.99713875103996,Vacant site (Medium,No,Coast Live Oak
115 DUANE AV /W,37.39097824919785,-122.02505450699627,Vacant site (Medium,No,Coast Live Oak
165 DUANE AV /W,37.39116911309904,-122.02601339599076,Vacant site (Small,No,Coast Live Oak
181 DUANE AV /W,37.39121013130186,-122.02618439641576,Vacant site (Medium,No,Coast Live Oak
204 DUANE AV /W,37.39129295731274,-122.02680288466242,Vacant site (Medium,No,Coast Live Oak
265 DUANE AV /W,37.39144713885635,-122.02727233578513,Vacant site (Medium,No,Coast Live Oak
1050 DUANE CT,37.38856958138387,-121.99793847539684,Vacant site (Medium,No,Coast Live Oak
1051 DUANE CT,37.38867886776316,-121.99738405485252,Vacant site (Medium,No,Coast Live Oak
527 CARROLL ST,37.369697851980945,-122.0302187352951,Vacant site (Medium,No,Coast Live Oak
533 CARROLL ST,37.369520857858596,-122.03027970136635,Vacant site (Medium,No,Coast Live Oak
1095 DUANE AV /E,37.38696395119021,-121.99709811339704,Vacant site (Medium,No,Coast Live Oak
431 CARROLL ST,37.37172675583658,-122.02958622303414,Vacant site (Small,No,Coast Live Oak
1094 CLEMATIS DR,37.3653888910571,-122.00032699806249,Vacant site (Medium,No,Coast Live Oak
800 DUANE AV /E,37.388256444113466,-122.0091075842928,Vacant site (Medium,No,Coast Live Oak
862 COOLIDGE AV,37.37979792684262,-122.04016471070406,Vacant site (Small,No,Coast Live Oak
870 COOLIDGE AV,37.37986594543078,-122.04047618236116,Vacant site (Small,No,Coast Live Oak
876 COOLIDGE AV,37.37988199721398,-122.04061674168122,Vacant site (Small,No,Coast Live Oak
391 CYPRESS AV,37.389269137216196,-122.02171334379656,Vacant site (Small,No,Coast Live Oak
390 CYPRESS AV,37.38920000240841,-122.02169343809437,Vacant site (Small,No,Coast Live Oak
382 CYPRESS AV,37.38928197817341,-122.02204443643288,Vacant site (Small,No,Coast Live Oak
382 CYPRESS AV,37.38928197542731,-122.02204443637689,Vacant site (Small,No,Coast Live Oak
370 CYPRESS AV,37.38940100779202,-122.02260446816058,Vacant site (Small,No,Coast Live Oak
886 COOLIDGE AV,37.379974919415766,-122.04100268532372,Vacant site (Small,No,Coast Live Oak
351 CYPRESS AV,37.389485137730816,-122.0227138389884,Vacant site (Small,No,Coast Live Oak
869 CUMBERLAND DR,37.36768728812087,-122.0445447135478,Vacant site (Medium,No,Coast Live Oak
888 COOLIDGE AV,37.38000094584723,-122.04114668298052,Vacant site (Small,No,Coast Live Oak
897 COOLIDGE AV,37.380120122429005,-122.0414035602032,Vacant site (Small,No,Coast Live Oak
1375 CROSSMAN AV,37.41386290135445,-122.00927166669297,Vacant site (Medium,No,Valley Oak
1375 CROSSMAN AV,37.413847130488605,-122.00927134780034,Vacant site (Medium,No,Coast Live Oak
601 CARIBBEAN DR /E,37.41545406809866,-122.00668512044177,Vacant site (Large,No,Coast Live Oak
1375 CROSSMAN AV,37.4138332820685,-122.00926187321232,Vacant site (Medium,No,Coast Live Oak
856 COOLIDGE AV,37.37975398488152,-122.03996670944835,Vacant site (Small,No,Coast Live Oak
1375 CROSSMAN AV,37.41382453364349,-122.0092454181457,Vacant site (Medium,No,Coast Live Oak
855 COOLIDGE AV,37.379775199557976,-122.03982503613969,Vacant site (Small,No,Coast Live Oak
846 COOLIDGE AV,37.37961792839619,-122.03932320858245,Vacant site (Small,No,Coast Live Oak
200 COMMERCIAL ST,37.377776170086115,-122.00798067871465,Vacant site (Large,No,Coast Live Oak
221 COMMERCIAL ST,37.37839373720686,-122.00793995303869,Vacant site (Medium,No,Coast Live Oak
571 CYPRESS AV,37.38838616562334,-122.01667164617274,Vacant site (Small,No,Coast Live Oak
570 CYPRESS AV,37.38833697548078,-122.01668460283814,Vacant site (Small,No,Coast Live Oak
565 CYPRESS AV,37.38843116450383,-122.01687168080612,Vacant site (Medium,No,Coast Live Oak
562 CYPRESS AV,37.38839997724778,-122.01702307792036,Vacant site (Small,No,Coast Live Oak
559 CYPRESS AV,37.388459138427386,-122.01701118122963,Vacant site (Small,No,Coast Live Oak
557 CYPRESS AV,37.38848418955987,-122.0171621478432,Vacant site (Small,No,Coast Live Oak
555 CYPRESS AV,37.38852918803973,-122.0173241469019,Vacant site (Small,No,Coast Live Oak
394 CYPRESS AV,37.389164001010315,-122.02152693632772,Vacant site (Small,No,Coast Live Oak
805 COOLIDGE AV,37.37945615537312,-122.03831206405472,Vacant site (Small,No,Coast Live Oak
807 COOLIDGE AV,37.379491180981894,-122.03846506374636,Vacant site (Small,No,Coast Live Oak
808 COOLIDGE AV,37.379451946496964,-122.0386041833047,Vacant site (Small,No,Coast Live Oak
811 COOLIDGE AV,37.37954217351781,-122.03870453787742,Vacant site (Small,No,Coast Live Oak
812 COOLIDGE AV,37.37951397169698,-122.03885274126904,Vacant site (Small,No,Coast Live Oak
819 COOLIDGE AV,37.37963713071894,-122.03915356124944,Vacant site (Medium,No,Coast Live Oak
841 COOLIDGE AV,37.37973117235732,-122.03961256279267,Vacant site (Small,No,Coast Live Oak
855 COOLIDGE AV,37.379775199557976,-122.03982503613969,Vacant site (Small,No,Coast Live Oak
144 COMMERCIAL ST,37.37510657489861,-122.00861592856234,Vacant site (Medium,No,Coast Live Oak
1375 CROSSMAN AV,37.41382288309133,-122.00922575247759,Vacant site (Medium,No,Coast Live Oak
1375 CROSSMAN AV,37.41384068892635,-122.00919450316343,Vacant site (Medium,No,Coast Live Oak
1074 CORNFLOWER CT,37.36470556419604,-122.00216924732578,Vacant site (Medium,No,Coast Live Oak
1075 CORNFLOWER CT,37.36475955073709,-122.00216856422273,Vacant site (Medium,No,Coast Live Oak
1081 CORNFLOWER CT,37.36475857780791,-122.00166858959903,Vacant site (Medium,No,Coast Live Oak
1083 CORNFLOWER CT,37.36475955062468,-122.00145709091227,Vacant site (Medium,No,Coast Live Oak
1084 CORNFLOWER CT,37.36471456625431,-122.00113831237654,Vacant site (Large,No,Coast Live Oak
1087 CORNFLOWER CT,37.364770584305234,-122.00105748148924,Vacant site (Medium,No,Coast Live Oak
1088 CORNFLOWER CT,37.36471253248603,-122.00072881160212,Vacant site (Medium,No,Coast Live Oak
1159 CORRAL AV,37.381128208567866,-122.0517749859083,Vacant site (Medium,No,Coast Live Oak
1164 CORRAL AV,37.381130904519615,-122.05206380264562,Vacant site (Medium,No,Coast Live Oak
1179 CORRAL AV,37.38133025267397,-122.05279445373166,Vacant site (Medium,No,Coast Live Oak
801 CORTE MADERA AV,37.39056771071425,-122.04107149553012,Vacant site (Large,No,Coast Live Oak
801 CORTE MADERA AV,37.3905682533968,-122.0410301954763,Vacant site (Large,No,Coast Live Oak
801 CORTE MADERA AV,37.39053475761932,-122.04107081537825,Vacant site (Large,No,Coast Live Oak
801 CORTE MADERA AV,37.39056716801716,-122.04111279558332,Vacant site (Large,No,Coast Live Oak
801 CORTE MADERA AV,37.3906006638091,-122.04107217568257,Vacant site (Large,No,Coast Live Oak
972 CORTE MADERA AV,37.390942078902626,-122.0430465779618,Vacant site (Large,No,Coast Live Oak
1260 CORTEZ DR,37.38191180832812,-122.05628570597129,Vacant site (Medium,No,Coast Live Oak
1163 CRESPI DR,37.38178925233862,-122.05158403565875,Vacant site (Medium,No,Coast Live Oak
1375 CROSSMAN AV,37.41382871478003,-122.00920737450465,Vacant site (Medium,No,Coast Live Oak
1174 CRESPI DR,37.381868179682044,-122.05214635658947,Vacant site (Medium,No,Coast Live Oak
944 CRESTWOOD CT,37.39349724275679,-121.99368692083866,Vacant site (Small,No,Coast Live Oak
1375 CROSSMAN AV,37.41385606483632,-122.00919007902233,Vacant site (Medium,No,Valley Oak
1375 CROSSMAN AV,37.413855533366096,-122.00923139218958,Vacant site (Medium,No,Coast Live Oak
1345 CROSSMAN AV,37.41289384164449,-122.00954871554666,Vacant site (Medium,No,Coast Live Oak
1345 CROSSMAN AV,37.412926384185766,-122.00955525537876,Vacant site (Medium,No,Coast Live Oak
1345 CROSSMAN AV,37.41291839794159,-122.0095762721066,Vacant site (Medium,No,Coast Live Oak
1345 CROSSMAN AV,37.412902616150056,-122.00958854279168,Vacant site (Medium,No,Coast Live Oak
1345 CROSSMAN AV,37.41286408876641,-122.00953094741489,Vacant site (Medium,No,Coast Live Oak
1345 CROSSMAN AV,37.41289437322646,-122.0095074029139,Vacant site (Medium,No,Coast Live Oak
1344 CROSSMAN AV,37.413019985712566,-122.00940382114314,Vacant site (Medium,No,Coast Live Oak
1312 CROSSMAN AV,37.41097812802968,-122.01009280767335,Vacant site (Medium,No,Coast Live Oak
1312 CROSSMAN AV,37.41099706607497,-122.01012662057202,Vacant site (Medium,No,Coast Live Oak
1240 CROSSMAN AV,37.4093896072602,-122.01064582125272,Vacant site (Medium,No,Coast Live Oak
1240 CROSSMAN AV,37.409389075277254,-122.01068713193784,Vacant site (Medium,No,Coast Live Oak
1240 CROSSMAN AV,37.40936682359481,-122.010717610703,Vacant site (Medium,No,Coast Live Oak
1220 CROSSMAN AV,37.40744384577199,-122.01129521761081,Vacant site (Large,No,Coast Live Oak
1220 CROSSMAN AV,37.407443313560286,-122.01133652721455,Vacant site (Large,No,Coast Live Oak
1152 CROCUS CT,37.364785967153544,-121.9966533503081,Vacant site (Medium,No,Coast Live Oak
1179 CRESPI DR,37.382008730464094,-122.05245260966277,Vacant site (Medium,No,Coast Live Oak
572 CYPRESS AV,37.3883029253458,-122.01655613645529,Vacant site (Medium,No,Coast Live Oak
576 CYPRESS AV,37.38827689915597,-122.01638513602235,Vacant site (Small,No,Coast Live Oak
579 CYPRESS AV,37.38831513790923,-122.01634518110917,Vacant site (Small,No,Coast Live Oak
276 DUANE AV /E,37.39053710454371,-122.02336441286069,Vacant site (Small,No,Coast Live Oak
265 DUANE AV /E,37.390609079308554,-122.02341180901965,Vacant site (Medium,No,Coast Live Oak
225 DUANE AV /E,37.39079558162077,-122.02401217638723,Vacant site (Medium,No,Coast Live Oak
203 DUANE AV /E,37.39088913978989,-122.02464292683901,Vacant site (Small,No,Coast Live Oak
1094 CLEMATIS DR,37.365361143186945,-122.00026449514755,Vacant site (Medium,No,Coast Live Oak
197 DONNER CT,37.37944673786539,-122.0439372671507,Vacant site (Medium,No,Coast Live Oak
185 DONNER CT,37.37949541485959,-122.0439430890552,Vacant site (Medium,No,Coast Live Oak
749 DONA AV,37.36998852360377,-122.05315935924664,Vacant site (Small,No,Coast Live Oak
727 DONA AV,37.370474525149085,-122.05300283363064,Vacant site (Small,No,Coast Live Oak
827 COACHELLA AV,37.38977508710762,-122.00710694783756,Vacant site (Small,No,Coast Live Oak
833 COACHELLA AV,37.38978813139303,-122.0070539652404,Vacant site (Small,No,Coast Live Oak
891 COACHELLA AV,37.38985553145598,-122.00512967291357,Vacant site (Small,No,Coast Live Oak
897 COACHELLA AV,37.38986152488595,-122.00494967260808,Vacant site (Small,No,Coast Live Oak
901 COACHELLA AV,37.389872556055714,-122.00473817463408,Vacant site (Small,No,Coast Live Oak
906 COACHELLA AV,37.38981653735633,-122.00452622059518,Vacant site (Medium,No,Coast Live Oak
922 COACHELLA AV,37.38983559690263,-122.00374861274328,Vacant site (Medium,No,Coast Live Oak
926 COACHELLA AV,37.389843536133554,-122.00356772211299,Vacant site (Medium,No,Coast Live Oak
302 DUANE AV /E,37.39035858443727,-122.02306163753677,Vacant site (Medium,No,Coast Live Oak
930 COACHELLA AV,37.38984158883688,-122.00338772367247,Vacant site (Medium,No,Coast Live Oak
351 DUANE AV /E,37.39017699596424,-122.02253264798988,Vacant site (Medium,No,Coast Live Oak
415 DUANE AV /E,37.3897171897293,-122.02036457049661,Vacant site (Medium,No,Coast Live Oak
800 DUANE AV /E,37.38820075741827,-122.00906577561415,Vacant site (Medium,No,Coast Live Oak
800 DUANE AV /E,37.38824167717965,-122.00912893213804,Vacant site (Medium,No,Coast Live Oak
727 DUANE AV /E,37.388280532954326,-122.01123158939821,Vacant site (Medium,No,Coast Live Oak
701 DUANE AV /E,37.38833710586148,-122.0125624627915,Vacant site (Medium,No,Coast Live Oak
684 DUANE AV /E,37.38834193065347,-122.01305573781221,Vacant site (Medium,No,Coast Live Oak
656 DUANE AV /E,37.38849696495223,-122.01378299397567,Vacant site (Medium,No,Coast Live Oak
644 DUANE AV /E,37.38852193311774,-122.01392496257947,Vacant site (Medium,No,Coast Live Oak
626 DUANE AV /E,37.388593933060854,-122.01427621115204,Vacant site (Medium,No,Coast Live Oak
618 DUANE AV /E,37.38863196597089,-122.01448613496632,Vacant site (Medium,No,Coast Live Oak
610 DUANE AV /E,37.38867493128221,-122.01463463467607,Vacant site (Medium,No,Coast Live Oak
602 DUANE AV /E,37.3887119064925,-122.01484516054794,Vacant site (Small,No,Coast Live Oak
602 DUANE AV /E,37.3887119064925,-122.01484516054794,Vacant site (Small,No,Coast Live Oak
599 DUANE AV /E,37.38886809857186,-122.01531488598252,Vacant site (Small,No,Coast Live Oak
598 DUANE AV /E,37.388826958062175,-122.01533688521727,Vacant site (Medium,No,Coast Live Oak
598 DUANE AV /E,37.388826958062175,-122.01533688521727,Vacant site (Medium,No,Coast Live Oak
484 DUANE AV /E,37.38910568385825,-122.01780279221241,Vacant site (Medium,No,Coast Live Oak
1057 CHICO CT,37.38969343729883,-121.99726398046026,Vacant site (Small,No,Coast Live Oak
406 DUANE AV /E,37.389740212704226,-122.02064642333806,Vacant site (Small,No,Coast Live Oak
934 COACHELLA AV,37.389844596107686,-122.00318611284152,Vacant site (Medium,No,Coast Live Oak
385 DENNIS AV,37.375668025398184,-122.04419264299162,Vacant site (Medium,No,Coast Live Oak
379 DENNIS AV,37.376028027603105,-122.04407114177982,Vacant site (Medium,No,Coast Live Oak
525 COLUMBIA AV,37.38489716374364,-122.0199290364437,Vacant site (Medium,No,Coast Live Oak
577 COLUMBIA AV,37.38458515759804,-122.01868148630976,Vacant site (Medium,No,Coast Live Oak
585 COLUMBIA AV,37.384490364827776,-122.0184124970151,Vacant site (Medium,No,Coast Live Oak
589 COLUMBIA AV,37.38446413287989,-122.01791852919405,Vacant site (Medium,No,Coast Live Oak
595 COLUMBIA AV,37.384430146234074,-122.01796395490369,Vacant site (Medium,No,Coast Live Oak
1145 COLUMBINE AV,37.366027576209554,-121.9980790369206,Vacant site (Medium,No,Coast Live Oak
962 COLUSA AV,37.38920356396428,-122.00163730719397,Vacant site (Medium,No,Coast Live Oak
1022 COLUSA AV,37.3892635568548,-121.99918930869728,Vacant site (Medium,No,Coast Live Oak
647 CYPRESS AV,37.38790113911936,-122.01431267235124,Vacant site (Small,No,Coast Live Oak
1026 COLUSA AV,37.38925959499128,-121.99900930588441,Vacant site (Medium,No,Coast Live Oak
1050 COLUSA AV,37.389285535918404,-121.99792064433896,Vacant site (Medium,No,Coast Live Oak
636 CYPRESS AV,37.38787797714004,-122.01446461083917,Vacant site (Small,No,Coast Live Oak
624 CYPRESS AV,37.38790595111388,-122.01460560330068,Vacant site (Small,No,Coast Live Oak
596 CYPRESS AV,37.388131926159275,-122.01572460981656,Vacant site (Small,No,Coast Live Oak
590 CYPRESS AV,37.38816694954853,-122.01585307805372,Vacant site (Small,No,Coast Live Oak
583 CYPRESS AV,37.38827718920253,-122.01614514913744,Vacant site (Small,No,Coast Live Oak
580 CYPRESS AV,37.38823797715863,-122.01619410367105,Vacant site (Medium,No,Coast Live Oak
652 CYPRESS AV,37.38779990006691,-122.01414413485139,Vacant site (Small,No,Coast Live Oak
664 CYPRESS AV,37.38773592466672,-122.0138166095749,Vacant site (Medium,No,Coast Live Oak
672 CYPRESS AV,37.38768995058998,-122.01360660340104,Vacant site (Small,No,Coast Live Oak
677 CYPRESS AV,37.38771018921632,-122.01343164805719,Vacant site (Small,No,Coast Live Oak
840 DEL REY AV,37.392906027844404,-122.03429167073676,Vacant site (Medium,No,Coast Live Oak
251 DEL NORTE AV,37.39445517138356,-122.02247311939308,Vacant site (Small,No,Coast Live Oak
246 DEL NORTE AV,37.394441982832596,-122.02264268584005,Vacant site (Small,No,Coast Live Oak
231 DEL NORTE AV,37.39454021509844,-122.02283540526807,Vacant site (Small,No,Coast Live Oak
212 DEL NORTE AV,37.39454786733936,-122.02318234885225,Vacant site (Small,No,Coast Live Oak
211 DEL NORTE AV,37.39459518898053,-122.02316442375269,Vacant site (Small,No,Coast Live Oak
1073 COLTON AV,37.4017937130596,-122.02502882430261,Vacant site (Small,No,Coast Live Oak
1097 COLTON AV,37.40220884441499,-122.02499052634606,Vacant site (Small,No,Coast Live Oak
415 CHARLES ST,37.373389884132614,-122.03666219442833,Vacant site (Small,No,Coast Live Oak
1099 COLTON AV,37.40236087116318,-122.02503905036545,Vacant site (Small,No,Coast Live Oak
698 DANFORTH DR,37.36666553469395,-122.0412071130682,Vacant - Misc [special condition],No,Coast Live Oak
698 DANFORTH DR,37.36666553469395,-122.0412071130682,Vacant - Misc [special condition],No,Coast Live Oak
676 DANFORTH DR,37.3666715509233,-122.03979763894019,Vacant site (Medium,No,Coast Live Oak
675 DANFORTH DR,37.36680393652452,-122.04040454575345,Vacant site (Medium,No,Coast Live Oak
674 DANFORTH DR,37.3666816095097,-122.03951863718794,Vacant site (Medium,No,Coast Live Oak
1035 DAISY CT,37.36556110867028,-122.00541447394741,Vacant site (Large,No,Coast Live Oak
1150 DAHLIA CT,37.364042570826314,-121.99661784740468,Vacant site (Large,No,Coast Live Oak
678 CYPRESS AV,37.38766489884798,-122.01347363681685,Vacant site (Medium,No,Coast Live Oak
527 DAWN DR,37.36066853504746,-122.03349797584367,Vacant site (Medium,No,Coast Live Oak
501 CARIBBEAN DR /E,37.41564690417323,-122.00758882467,Vacant site (Medium,No,Coast Live Oak
1401 BORREGAS AV,37.41706491436047,-122.01629364780189,Vacant site (Large,No,Coast Live Oak
401 CARIBBEAN DR /E,37.415807037583264,-122.00848743377976,Vacant site (Medium,No,Coast Live Oak
1134 ASTER AV,37.36928388015062,-122.00161861275376,Vacant site (Large,No,Coast Live Oak
1155 ASTER AV,37.36933966488783,-121.99975158115782,Vacant site (Medium,No,Coast Live Oak
1176 ASTER AV,37.369222324626136,-121.99716811101415,Vacant site (Medium,No,Coast Live Oak
1176 ASTER AV,37.36922285185004,-121.99712682244852,Vacant site (Medium,No,Coast Live Oak
1176 ASTER AV,37.369210201531175,-121.99712971448234,Vacant site (Medium,No,Coast Live Oak
1176 ASTER AV,37.36925256905381,-121.99718452110694,Vacant site (Medium,No,Coast Live Oak
1176 ASTER AV,37.369245998209095,-121.99713938363958,Vacant site (Medium,No,Coast Live Oak
1180 ASTER AV,37.36922308912115,-121.99713448475262,Vacant site (Large,No,Coast Live Oak
1180 ASTER AV,37.369223089165075,-121.9971344813119,Vacant site (Large,No,Coast Live Oak
937 ASTER CT,37.36888455709561,-122.00963673645215,Vacant site (Medium,No,Coast Live Oak
1136 AYALA DR,37.38336502029981,-122.04957390311935,Vacant site (Medium,No,Coast Live Oak
1277 AYALA DR,37.38475461564763,-122.05613198867312,Vacant site (Small,No,Coast Live Oak
1285 AYALA DR,37.38481356640144,-122.05651939364742,Vacant site (Small,No,Coast Live Oak
885 AZALEA DR,37.36970110789366,-122.01218332102786,Vacant site (Medium,No,Coast Live Oak
919 AZALEA DR,37.36956555161232,-122.01107889352122,Vacant site (Medium,No,Coast Live Oak
921 AZALEA DR,37.369565551471666,-122.01088089376428,Vacant site (Small,No,Coast Live Oak
951 AZALEA DR,37.36957455024713,-122.00913047943195,Vacant site (Medium,No,Coast Live Oak
954 AZALEA DR,37.36951959025221,-122.00914831153786,Vacant site (Medium,No,Coast Live Oak
1031 AZALEA DR,37.36880395777122,-122.00536892649957,Vacant site (Medium,No,Coast Live Oak
1039 AZALEA DR,37.36854887814021,-122.00511101230666,Vacant site (Medium,No,Coast Live Oak
1057 AZALEA DR,37.36776105884551,-122.00466228431002,Vacant site (Medium,No,Coast Live Oak
320 BALSAM AV,37.38884622045752,-122.02342553759676,Vacant site (Medium,No,Coast Live Oak
320 BALSAM AV,37.38887556537337,-122.02336417103983,Vacant site (Small,No,Coast Live Oak
321 BALSAM AV,37.38891515321688,-122.0233518627326,Vacant site (Small,No,Coast Live Oak
321 BALSAM AV,37.388915689660045,-122.02331056346475,Vacant site (Small,No,Coast Live Oak
321 BALSAM AV,37.38888220001651,-122.02335119041547,Vacant site (Small,No,Coast Live Oak
354 BALSAM AV,37.38878795077651,-122.02297346918007,Vacant site (Small,No,Coast Live Oak
1035 ASTER AV,37.36872052637304,-122.00382539826983,Vacant site (Medium,No,Valley Oak
394 BALSAM AV,37.38852500292519,-122.02181344342594,Vacant site (Small,No,Coast Live Oak
979 ASTER AV,37.368874502024845,-122.00810928150031,Vacant site (Medium,No,Coast Live Oak
111 ARQUES AV /W,37.38381034732715,-122.02822326306155,Vacant site (Small,No,Coast Live Oak
745 ARQUES AV /E,37.38102753473864,-122.01380301434139,Vacant site (Medium,No,Coast Live Oak
745 ARQUES AV /E,37.38108148473996,-122.01377963777291,Vacant site (Medium,No,Coast Live Oak
750 ARQUES AV /E,37.38095213537083,-122.01326004335029,Vacant site (Large,No,Coast Live Oak
795 ARQUES AV /E,37.38103079736893,-122.01220680152215,Vacant site (Medium,No,Coast Live Oak
811 ARQUES AV /E,37.38095905609617,-122.01089816013928,Vacant site (Large,No,Coast Live Oak
811 ARQUES AV /E,37.38095799193613,-122.01098075005176,Vacant site (Medium,No,Coast Live Oak
908 ARQUES AV /E,37.380884601511916,-122.00801817163855,Vacant site (Medium,No,Coast Live Oak
920 ARQUES AV /E,37.38090281644697,-122.00771178636963,Vacant site (Medium,No,Coast Live Oak
974 ARQUES AV /E,37.38068089620122,-122.00470625205588,Vacant site (Large,No,Coast Live Oak
974 ARQUES AV /E,37.38070122305524,-122.00463193993265,Vacant site (Medium,No,Coast Live Oak
974 ARQUES AV /E,37.38070016330813,-122.0047145296491,Vacant site (Large,No,Coast Live Oak
974 ARQUES AV /E,37.38068175358057,-122.00463943355135,Vacant site (Large,No,Coast Live Oak
974 ARQUES AV /E,37.380731870813186,-122.00468662642864,Vacant site (Medium,No,Coast Live Oak
990 ARQUES AV /E,37.380506163188386,-122.00349712567298,Vacant site (Medium,No,Coast Live Oak
990 ARQUES AV /E,37.38050669264056,-122.0034558309137,Vacant site (Medium,No,Coast Live Oak
990 ARQUES AV /E,37.38047498542794,-122.00348373457257,Vacant site (Medium,No,Coast Live Oak
990 ARQUES AV /E,37.380486363785444,-122.00353014310815,Vacant site (Medium,No,Coast Live Oak
990 ARQUES AV /E,37.38052510317034,-122.00353092310239,Vacant site (Medium,No,Coast Live Oak
990 ARQUES AV /E,37.380537668153316,-122.00348499661281,Vacant site (Medium,No,Coast Live Oak
999 ARQUES AV /E,37.38067200039286,-122.00382481617167,Vacant site (Large,No,Coast Live Oak
999 ARQUES AV /E,37.380661186336326,-122.00389505526336,Vacant site (Medium,No,Coast Live Oak
1135 ARQUES AV /E,37.38051151852772,-121.99942742200754,Vacant site (Medium,No,Coast Live Oak
1150 ARQUES AV /E,37.380453012051774,-121.9988921586128,Vacant site (Large,No,Coast Live Oak
1200 ARQUES AV /E,37.38035878946598,-121.99530891952061,Vacant site (Medium,No,Valley Oak
1220 ARQUES AV /E,37.38035212063605,-121.9934388310363,Vacant site (Medium,No,Coast Live Oak
1230 ARQUES AV /E,37.38032959467097,-121.99170199067783,Vacant site (Medium,No,Coast Live Oak
103 ARQUES AV /W,37.383769186677185,-122.02785219965733,Vacant - Misc [special condition],No,Coast Live Oak
214 ARRIBA DR,37.3804766893997,-122.05515831588558,Vacant site (Large,No,Coast Live Oak
745 ARQUES AV /E,37.38103912056495,-122.01377877897407,Vacant site (Medium,No,Coast Live Oak
550 BALSAM AV,37.38785390000774,-122.01776655091992,Vacant site (Small,No,Coast Live Oak
553 BALSAM AV,37.387900164870786,-122.01771475618982,Vacant site (Small,No,Coast Live Oak
341 BAYVIEW AV /N,37.38477580396339,-122.02322118863374,Vacant site (Medium,No,Coast Live Oak
347 BAYVIEW AV /N,37.38469585770392,-122.02324866607185,Vacant site (Medium,No,Coast Live Oak
347 BAYVIEW AV /N,37.38469586045002,-122.02324866612788,Vacant site (Small,No,Coast Live Oak
388 BAYVIEW AV /N,37.38433247699142,-122.02330597551394,Vacant site (Small,No,Coast Live Oak
416 BAYVIEW AV /N,37.385022240421925,-122.02306855325442,Vacant site (Small,No,Coast Live Oak
428 BAYVIEW AV /N,37.38512820799508,-122.0230255855967,Vacant site (Medium,No,Coast Live Oak
440 BAYVIEW AV /N,37.385511730197614,-122.02290530769078,Vacant site (Small,No,Coast Live Oak
460 BAYVIEW AV /N,37.38601168622992,-122.02274536125067,Vacant site (Small,No,Coast Live Oak
480 BAYVIEW AV /N,37.38661468611723,-122.02254736158687,Vacant site (Small,No,Coast Live Oak
504 BAYVIEW AV /N,37.387250678615835,-122.02234739104425,Vacant site (Medium,No,Coast Live Oak
504 BAYVIEW AV /N,37.38725121470537,-122.02230609268973,Vacant site (Medium,No,Coast Live Oak
602 BAYVIEW AV /N,37.3900412353318,-122.02078703107722,Vacant site (Small,No,Coast Live Oak
618 BAYVIEW AV /N,37.39080040840449,-122.02052499627864,Vacant site (Small,No,Coast Live Oak
618 BAYVIEW AV /N,37.39080040844912,-122.02052499283694,Vacant site (Small,No,Coast Live Oak
270 BAYVIEW AV /S,37.37407642110904,-122.02675071527071,Vacant site (Medium,No,Coast Live Oak
275 BAYVIEW AV /S,37.37387158668142,-122.02684883945206,Vacant site (Medium,No,Coast Live Oak
369 BAYVIEW AV /S,37.3720856896914,-122.02744126187244,Vacant site (Small,No,Coast Live Oak
397 BAYVIEW AV /S,37.3716716908835,-122.02758076133505,Vacant site (Small,No,Coast Live Oak
421 BAYVIEW AV /S,37.371305758973435,-122.02770126682731,Vacant site (Small,No,Coast Live Oak
430 BAYVIEW AV /S,37.371287436602394,-122.02763746479897,Vacant site (Small,No,Coast Live Oak
463 BAYVIEW AV /S,37.3708942219445,-122.02786514306544,Vacant site (Small,No,Coast Live Oak
499 BAYVIEW AV /S,37.37052975057072,-122.02795975655785,Vacant site (Small,No,Coast Live Oak
580 BAYVIEW AV /S,37.36814811979534,-122.02865705352062,Vacant site (Large,No,Coast Live Oak
580 BAYVIEW AV /S,37.36814811979534,-122.02865705352062,Vacant site (Large,No,Coast Live Oak
595 BAYVIEW AV /S,37.368009703674495,-122.02882856634632,Vacant site (Medium,No,Coast Live Oak
595 BAYVIEW AV /S,37.36801024204674,-122.02878727867682,Vacant site (Medium,No,Coast Live Oak
595 BAYVIEW AV /S,37.36797852878607,-122.0288151669132,Vacant site (Medium,No,Coast Live Oak
320 BAYVIEW AV /N,37.383272428808944,-122.02365550160705,Vacant site (Small,No,Coast Live Oak
553 BALSAM AV,37.387900164870786,-122.01771475618982,Vacant site (Small,No,Coast Live Oak
305 BAYVIEW AV /N,37.3832006888853,-122.02375028665377,Vacant site (Medium,No,Coast Live Oak
305 BAYVIEW AV /N,37.3832006888853,-122.02375028665377,Vacant site (Medium,No,Coast Live Oak
554 BALSAM AV,37.387819932298946,-122.01760357582671,Vacant site (Small,No,Coast Live Oak
566 BALSAM AV,37.387719958366525,-122.01711405036492,Vacant site (Medium,No,Coast Live Oak
570 BALSAM AV,37.3876819247691,-122.01692301987062,Vacant site (Medium,No,Coast Live Oak
595 BALSAM AV,37.38751519806221,-122.01589420632048,Vacant site (Small,No,Coast Live Oak
598 BALSAM AV,37.38744193229392,-122.01577305260403,Vacant site (Small,No,Coast Live Oak
734 BAMBOO DR,37.36885456512756,-122.01769023272008,Vacant site (Medium,No,Coast Live Oak
739 BAMBOO DR,37.36891050198405,-122.01763905720341,Vacant site (Medium,No,Coast Live Oak
742 BAMBOO DR,37.36883355886931,-122.01725823063941,Vacant site (Medium,No,Coast Live Oak
747 BAMBOO DR,37.36889055199668,-122.01722602911723,Vacant site (Medium,No,Coast Live Oak
750 BAMBOO DR,37.368823583333715,-122.01682975678449,Vacant site (Medium,No,Coast Live Oak
751 BAMBOO DR,37.36888851967843,-122.01701903120043,Vacant site (Medium,No,Coast Live Oak
905 BARSTOW CT,37.390554525216864,-122.00441122686622,Vacant site (Small,No,Coast Live Oak
909 BARSTOW CT,37.3905554980636,-122.00431075749903,Vacant site (Small,No,Coast Live Oak
910 BARSTOW CT,37.390507587676915,-122.00431913882576,Vacant site (Small,No,Coast Live Oak
914 BARSTOW CT,37.39051561521498,-122.00413914001771,Vacant site (Small,No,Coast Live Oak
917 BARSTOW CT,37.39056555650472,-122.00395975822914,Vacant site (Small,No,Coast Live Oak
918 BARSTOW CT,37.39051561375441,-122.00391863929802,Vacant site (Small,No,Coast Live Oak
922 BARSTOW CT,37.39052461304909,-122.00374763826028,Vacant site (Small,No,Coast Live Oak
925 BARSTOW CT,37.390575531619646,-122.00356825522492,Vacant site (Small,No,Coast Live Oak
930 BARSTOW CT,37.390533615014256,-122.00341913918243,Vacant site (Medium,No,Coast Live Oak
216 BARTLETT AV,37.37621439496823,-122.01710849901065,Vacant site (Medium,No,Coast Live Oak
397 BARTLETT AV,37.378995467411194,-122.01631713772338,Vacant site (Small,No,Coast Live Oak
213 BAYVIEW AV /N,37.38118491047499,-122.0244201461632,Vacant site (Small,No,Coast Live Oak
224 BAYVIEW AV /N,37.38158516198207,-122.02422658466813,Vacant site (Small,No,Coast Live Oak
225 BAYVIEW AV /N,37.38158090922738,-122.02430165442279,Vacant site (Small,No,Coast Live Oak
280 BAYVIEW AV /N,37.38218805967528,-122.02404280566874,Vacant site (Medium,No,Coast Live Oak
301 BAYVIEW AV /N,37.383038688692395,-122.02380084517384,Vacant site (Medium,No,Coast Live Oak
305 BAYVIEW AV /N,37.3832006888853,-122.02375028665377,Vacant site (Medium,No,Coast Live Oak
745 ARQUES AV /E,37.38106042597531,-122.01376954875859,Vacant site (Medium,No,Coast Live Oak
745 ARQUES AV /E,37.38105989289148,-122.01381084375069,Vacant site (Medium,No,Coast Live Oak
740 ARQUES AV /E,37.38100482250592,-122.01423011682343,Vacant site (Large,No,Coast Live Oak
1254 ALDERWOOD AV,37.405688679565486,-121.99468595948673,Vacant site (Medium,No,Coast Live Oak
894 ALMADEN AV,37.39194458055468,-122.00483769770125,Vacant site (Small,No,Coast Live Oak
898 ALMADEN AV,37.39195561388109,-122.00465769751837,Vacant site (Small,No,Coast Live Oak
902 ALMADEN AV,37.39195561504767,-122.00445034004706,Vacant site (Small,No,Coast Live Oak
905 ALMADEN AV,37.39199655684718,-122.00428755314947,Vacant site (Small,No,Coast Live Oak
906 ALMADEN AV,37.391945557120415,-122.00428923154523,Vacant site (Small,No,Coast Live Oak
915 ALMADEN AV,37.39198649712364,-122.00390594640152,Vacant site (Small,No,Coast Live Oak
923 ALMADEN AV,37.39197749690902,-122.0035369439923,Vacant site (Small,No,Coast Live Oak
931 ALMADEN AV,37.39198484982866,-122.00313067033463,Vacant site (Small,No,Coast Live Oak
645 ALMANOR AV,37.39742260234011,-122.03134150809205,Vacant site (Large,No,Coast Live Oak
985 ALMANOR AV,37.39809499981023,-122.03460805160844,Vacant site (Medium,No,Valley Oak
985 ALMANOR AV,37.39805626067504,-122.03460725530627,Vacant site (Medium,No,Valley Oak
855 ALTAMONT CT,37.3929835308262,-122.00918439186734,Vacant site (Medium,No,Coast Live Oak
201 ALTURAS AV,37.396856281134646,-122.02259168902387,Vacant site (Medium,No,Coast Live Oak
201 ALTURAS AV,37.39691335605735,-122.0225928530213,Vacant site (Medium,No,Coast Live Oak
297 ALTURAS AV,37.396276575328685,-122.02043034689252,Vacant site (Medium,No,Coast Live Oak
297 ALTURAS AV,37.39627657811938,-122.0204303435065,Vacant site (Medium,No,Coast Live Oak
297 ALTURAS AV,37.39627657811938,-122.0204303435065,Vacant site (Medium,No,Coast Live Oak
836 ALTURAS AV,37.396581692126546,-122.02009958292255,Vacant site (Medium,No,Coast Live Oak
836 ALTURAS AV,37.39658926028601,-122.02017413398481,Vacant site (Medium,No,Coast Live Oak
836 ALTURAS AV,37.39663160047998,-122.02014123530613,Vacant site (Medium,No,Coast Live Oak
836 ALTURAS AV,37.39662925730381,-122.02011814445754,Vacant site (Medium,No,Coast Live Oak
836 ALTURAS AV,37.39661732552391,-122.02010030844465,Vacant site (Medium,No,Coast Live Oak
809 ALVARADO AV,37.39240557673969,-122.00827826940719,Vacant site (Small,No,Coast Live Oak
827 ALVARADO AV,37.39236458153046,-122.007637704114,Vacant site (Small,No,Coast Live Oak
839 ALVARADO AV,37.39238258271137,-122.00728114210615,Vacant site (Small,No,Coast Live Oak
933 AMADOR AV,37.39127452400704,-122.00323944355108,Vacant site (Medium,No,Coast Live Oak
190 ALAMITOS DR,37.38344259185581,-122.0542466767046,Vacant site (Medium,No,Coast Live Oak
949 AMADOR AV,37.3912685301149,-122.00221839505889,Vacant site (Medium,No,Coast Live Oak
758 AJAX DR,37.36961956651496,-122.016406389559,Vacant site (Medium,No,Coast Live Oak
869 AHWANEE AV /W,37.39800110004176,-122.02757962231192,Vacant site (Medium,No,Coast Live Oak
164 ACALANES DR,37.38337987478712,-122.0568472235793,Vacant site (Large,No,Coast Live Oak
188 ACALANES DR,37.382222313024336,-122.0570758387224,Vacant site (Medium,No,Coast Live Oak
206 ACALANES DR,37.3811017015086,-122.05740784591976,Vacant site (Medium,No,Coast Live Oak
213 ACALANES DR,37.38095672295326,-122.05756606042284,Vacant site (Medium,No,Coast Live Oak
223 ACALANES DR,37.38078944605322,-122.05759083837363,Vacant site (Medium,No,Coast Live Oak
224 ACALANES DR,37.380768702847824,-122.05752934517312,Vacant site (Medium,No,Coast Live Oak
249 ACALANES DR,37.38033023728713,-122.05774174302265,Vacant site (Medium,No,Coast Live Oak
249 ACALANES DR,37.38033023728713,-122.05774174302265,Vacant site (Medium,No,Coast Live Oak
250 ACALANES DR,37.38026685984569,-122.0576864929371,Vacant site (Medium,No,Coast Live Oak
250 ACALANES DR,37.38026685984569,-122.0576864929371,Vacant site (Medium,No,Coast Live Oak
301 ACALANES DR,37.37898672109754,-122.05804242902681,Vacant site (Medium,No,Coast Live Oak
898 ADONIS CT,37.368833558656796,-122.01181739838697,Vacant site (Medium,No,Coast Live Oak
560 AHWANEE AV /E,37.39323815411151,-122.01346949836345,Vacant site (Medium,No,Coast Live Oak
560 AHWANEE AV /E,37.39323815415592,-122.01346949492164,Vacant site (Medium,No,Coast Live Oak
560 AHWANEE AV /E,37.39323815415592,-122.01346949492164,Vacant site (Medium,No,Coast Live Oak
616 AHWANEE AV /E,37.393513144194735,-122.01293936425304,Vacant site (Medium,No,Coast Live Oak
756 AHWANEE AV /E,37.39473184716419,-122.01003496486256,Vacant site (Medium,No,Coast Live Oak
1020 AHWANEE AV /E,37.39224221305048,-122.00078801026493,Vacant site (Medium,No,Coast Live Oak
1028 AHWANEE AV /E,37.39208520803346,-122.00024502612088,Vacant site (Medium,No,Coast Live Oak
1028 AHWANEE AV /E,37.39208573634012,-122.00020372493493,Vacant site (Medium,No,Coast Live Oak
1030 AHWANEE AV /E,37.391931232203504,-121.99970854978275,Vacant site (Medium,No,Coast Live Oak
100 AHWANEE AV /W,37.39746952284071,-122.02277330118585,Vacant site (Medium,No,Coast Live Oak
100 AHWANEE AV /W,37.39747005907988,-122.02273199718213,Vacant site (Medium,No,Coast Live Oak
100 AHWANEE AV /W,37.39743656965429,-122.02277262904704,Vacant site (Medium,No,Coast Live Oak
100 AHWANEE AV /W,37.397468986587,-122.02281460518894,Vacant site (Medium,No,Coast Live Oak
100 AHWANEE AV /W,37.397502476027064,-122.02277397332522,Vacant site (Medium,No,Coast Live Oak
220 AHWANEE AV /W,37.398017926830484,-122.02509375480977,Vacant site (Large,No,Coast Live Oak
750 AJAX DR,37.36961259875752,-122.0167203960829,Vacant site (Small,No,Coast Live Oak
1025 AMADOR AV,37.39120455633391,-121.99919830750578,Vacant site (Small,No,Coast Live Oak
359 AMERICA AV,37.38298053959762,-122.01912039046815,Vacant site (Small,No,Coast Live Oak
378 AMERICA AV,37.38322257631383,-122.01897788620963,Vacant site (Small,No,Coast Live Oak
590 ARBOR AV /E,37.386847124573045,-122.01631376831064,Vacant site (Small,No,Coast Live Oak
598 ARBOR AV /E,37.38676710042062,-122.01600725203586,Vacant site (Medium,No,Coast Live Oak
599 ARBOR AV /E,37.38682203028449,-122.0159805663316,Vacant site (Medium,No,Coast Live Oak
202 ARBOR AV /W,37.38934717697837,-122.02705568464057,Vacant site (Small,No,Coast Live Oak
216 ARBOR AV /W,37.389401428895106,-122.02727638364925,Vacant site (Small,No,Coast Live Oak
298 ARBOR AV /W,37.3898403964337,-122.02864536106482,Vacant site (Medium,No,Coast Live Oak
301 ARBOR AV /W,37.38993770490148,-122.02875836923216,Vacant site (Medium,No,Coast Live Oak
309 ARBOR AV /W,37.3899967462481,-122.02893192008034,Vacant site (Medium,No,Coast Live Oak
634 ARBUTUS AV,37.370715951574745,-122.02073435268301,Vacant site (Medium,No,Coast Live Oak
634 ARBUTUS AV,37.37071595161937,-122.02073434924223,Vacant site (Medium,No,Coast Live Oak
668 ARBUTUS AV,37.37048593327095,-122.01957538575458,Vacant site (Medium,No,Coast Live Oak
150 ARIES WY,37.37801571083609,-122.03292788814844,Vacant site (Medium,No,Coast Live Oak
917 ARLINGTON CT,37.36944927601066,-122.04675384238487,Vacant site (Small,No,Coast Live Oak
925 ARLINGTON CT,37.36950230363315,-122.0469853719747,Vacant site (Small,No,Coast Live Oak
397 ARQUES AV /E,37.38271212065364,-122.02290389601319,Vacant site (Small,No,Coast Live Oak
465 ARQUES AV /E,37.382511197544794,-122.0219133401116,Vacant site (Small,No,Coast Live Oak
475 ARQUES AV /E,37.382511200290885,-122.02191334016757,Vacant site (Medium,No,Coast Live Oak
475 ARQUES AV /E,37.382511200290885,-122.02191334016757,Vacant site (Medium,No,Coast Live Oak
500 ARQUES AV /E,37.38232954557986,-122.02157964663625,Vacant site (Medium,No,Coast Live Oak
549 ARQUES AV /E,37.38226819835463,-122.02075250714684,Vacant site (Small,No,Coast Live Oak
555 ARQUES AV /E,37.382198147658016,-122.02039395505614,Vacant site (Small,No,Coast Live Oak
555 ARQUES AV /E,37.38222641744897,-122.02041518389545,Vacant site (Small,No,Coast Live Oak
563 ARQUES AV /E,37.3821181834155,-122.02002495442476,Vacant site (Small,No,Coast Live Oak
565 ARQUES AV /E,37.38208017170761,-122.01981247844869,Vacant site (Medium,No,Coast Live Oak
740 ARQUES AV /E,37.38097654884734,-122.01420889061706,Vacant site (Large,No,Coast Live Oak
740 ARQUES AV /E,37.38097708207133,-122.01416759567388,Vacant site (Medium,No,Coast Live Oak
740 ARQUES AV /E,37.38094827793096,-122.01418766448244,Vacant site (Large,No,Coast Live Oak
587 ARBOR AV /E,37.38694097765381,-122.01645103371592,Vacant site (Small,No,Coast Live Oak
584 ARBOR AV /E,37.38689610914594,-122.01651469195401,Vacant site (Small,No,Coast Live Oak
584 ARBOR AV /E,37.38689610639985,-122.01651469189825,Vacant site (Small,No,Coast Live Oak
584 ARBOR AV /E,37.38689610914594,-122.01651469195401,Vacant site (Small,No,Coast Live Oak
392 AMERICA AV,37.383529111675614,-122.01883406305552,Vacant site (Medium,No,Coast Live Oak
392 AMERICA AV,37.383499771866845,-122.01889542705491,Vacant site (Medium,No,Coast Live Oak
392 AMERICA AV,37.38355684687219,-122.01889658801915,Vacant site (Medium,No,Coast Live Oak
1133 ANDOVER DR,37.370926609773505,-122.05493810015798,Vacant site (Medium,No,Coast Live Oak
1175 ANDOVER DR,37.37122890896408,-122.05601100097611,Vacant site (Small,No,Coast Live Oak
312 ANGEL AV,37.37968789312191,-122.031773017973,Vacant site (Small,No,Coast Live Oak
326 ANGEL AV,37.37976794127669,-122.03212499013496,Vacant site (Small,No,Coast Live Oak
330 ANGEL AV,37.379792908802486,-122.032295989736,Vacant site (Small,No,Coast Live Oak
343 ANGEL AV,37.37985821145807,-122.03230128813516,Vacant site (Small,No,Coast Live Oak
347 ANGEL AV,37.379911151386786,-122.03255329035224,Vacant site (Small,No,Coast Live Oak
355 ANGEL AV,37.380249017322484,-122.03294669229156,Vacant site (Small,No,Coast Live Oak
360 ANGEL AV,37.37993390094062,-122.03296305157832,Vacant site (Small,No,Coast Live Oak
1271 ANVILWOOD AV,37.40723513766044,-121.99381494358977,Vacant site (Medium,No,Coast Live Oak
205 BEECHNUT AV,37.3905541064686,-122.02700314476616,Vacant site (Medium,No,Coast Live Oak
1274 ANVILWOOD AV,37.40793786121094,-121.99373630708969,Vacant site (Large,No,Coast Live Oak
1274 ANVILWOOD AV,37.40790906061544,-121.99375639102865,Vacant site (Large,No,Coast Live Oak
1274 ANVILWOOD AV,37.40796613578117,-121.99375753315289,Vacant site (Large,No,Coast Live Oak
1275 ANVILWOOD AV,37.40851318243042,-121.99383086427439,Vacant site (Medium,No,Coast Live Oak
1202 APOLLO WY,37.37910223333053,-121.99487118753315,Vacant site (Medium,No,Valley Oak
201 ARBOR AV /E,37.38882255079426,-122.02550297682055,Vacant site (Medium,No,Coast Live Oak
216 ARBOR AV /E,37.388623918006914,-122.02501499181409,Vacant site (Medium,No,Coast Live Oak
275 ARBOR AV /E,37.3884258115947,-122.02407171571133,Vacant site (Medium,No,Coast Live Oak
302 ARBOR AV /E,37.388276511831826,-122.02376636956295,Vacant site (Medium,No,Coast Live Oak
338 ARBOR AV /E,37.38814151288497,-122.0233883702426,Vacant site (Small,No,Coast Live Oak
380 ARBOR AV /E,37.38797148783697,-122.02287986972134,Vacant site (Medium,No,Coast Live Oak
557 ARBOR AV /E,37.3871585391168,-122.01757865268802,Vacant site (Small,No,Coast Live Oak
562 ARBOR AV /E,37.386993105307155,-122.01780836667383,Vacant site (Small,No,Coast Live Oak
575 ARBOR AV /E,37.387048087730136,-122.01692208833906,Vacant site (Small,No,Coast Live Oak
1274 ANVILWOOD AV,37.407938387225194,-121.99369499708753,Vacant site (Large,No,Coast Live Oak
265 BEECHNUT AV,37.39067807278353,-122.02755162500424,Vacant site (Small,No,Coast Live Oak
321 BEECHNUT AV,37.39095910748214,-122.02877464886667,Vacant site (Medium,No,Coast Live Oak
147 BEEMER AV,37.38025617894377,-122.02947236696836,Vacant site (Small,No,Coast Live Oak
577 BRITTON AV,37.387781720551054,-122.01285972189625,Vacant site (Medium,No,Coast Live Oak
1236 BROOKFIELD AV,37.37051539030476,-122.05852587380515,Vacant site (Medium,No,Coast Live Oak
855 BROOKLINE DR,37.36842806451291,-122.04377094968292,Vacant site (Small,No,Coast Live Oak
866 BROOKLINE DR,37.36848501207608,-122.04422315385158,Vacant site (Medium,No,Coast Live Oak
424 BRYAN AV,37.37369592767818,-122.02614343388731,Vacant site (Small,No,Coast Live Oak
482 BRYAN AV,37.37339189673265,-122.02463593380307,Vacant site (Small,No,Coast Live Oak
490 BRYAN AV,37.373356933790916,-122.02443343410422,Vacant site (Small,No,Coast Live Oak
585 BRYAN AV,37.372952224000926,-122.02185287825301,Vacant site (Small,No,Coast Live Oak
590 BRYAN AV,37.372863861738324,-122.02171590872723,Vacant site (Small,No,Coast Live Oak
591 BRYAN AV,37.372917281500776,-122.02168187728608,Vacant site (Small,No,Coast Live Oak
599 BRYAN AV,37.37288526425524,-122.02153584422649,Vacant site (Medium,No,Coast Live Oak
599 BRYAN AV,37.37288526425524,-122.02153584422649,Vacant site (Medium,No,Coast Live Oak
608 BRYAN AV,37.372336928160905,-122.02107519370911,Vacant site (Small,No,Coast Live Oak
622 BRYAN AV,37.372229983573995,-122.02058363697094,Vacant site (Small,No,Coast Live Oak
633 BRYAN AV,37.372198172820994,-122.02015359024705,Vacant site (Small,No,Coast Live Oak
634 BRYAN AV,37.372166985783096,-122.02024613721574,Vacant site (Small,No,Coast Live Oak
645 BRYAN AV,37.37212617306897,-122.01981159188739,Vacant site (Small,No,Coast Live Oak
656 BRYAN AV,37.37202395783422,-122.0195846355823,Vacant site (Medium,No,Coast Live Oak
663 BRYAN AV,37.37201720011252,-122.01931209152056,Vacant site (Small,No,Coast Live Oak
669 BRYAN AV,37.371991173774624,-122.01915459139677,Vacant site (Small,No,Coast Live Oak
674 BRYAN AV,37.37191392639277,-122.01908619542358,Vacant site (Small,No,Coast Live Oak
686 BRYAN AV,37.37184298473742,-122.0187566387299,Vacant site (Small,No,Coast Live Oak
692 BRYAN AV,37.37180592667416,-122.0185766365707,Vacant site (Small,No,Coast Live Oak
969 BUCKEYE CT,37.36622557810403,-122.00950878407643,Vacant site (Medium,No,Coast Live Oak
972 BUCKEYE CT,37.3661665499748,-122.00912847286767,Vacant site (Medium,No,Coast Live Oak
938 BUCKEYE DR,37.36615958459223,-122.01239731096607,Vacant site (Medium,No,Coast Live Oak
938 BUCKEYE DR,37.36615958459223,-122.01239731096607,Vacant site (Medium,No,Coast Live Oak
570 BRITTON AV,37.38715557633705,-122.0129657890051,Vacant site (Medium,No,Coast Live Oak
938 BUCKEYE DR,37.36615958459223,-122.01239731096607,Vacant site (Medium,No,Coast Live Oak
975 BRIDGEWOOD WY,37.394187538840605,-121.99425815252805,Vacant site (Medium,No,Coast Live Oak
199 BRADFORD DR,37.40302607267605,-122.02297521056923,Vacant site (Medium,No,Coast Live Oak
1362 BORREGAS AV,37.41453338092085,-122.01702762758613,Vacant site (Large,No,Coast Live Oak
1362 BORREGAS AV,37.41456165400982,-122.01704886440217,Vacant site (Large,No,Coast Live Oak
1362 BORREGAS AV,37.41459045857915,-122.01702878766072,Vacant site (Large,No,Coast Live Oak
1362 BORREGAS AV,37.41459099279496,-122.0169874741424,Vacant site (Large,No,Coast Live Oak
1400 BORREGAS AV,37.41699442015926,-122.0160645076354,Vacant site (Medium,No,Coast Live Oak
1400 BORREGAS AV,37.416994954035445,-122.01602319277964,Vacant site (Medium,No,Coast Live Oak
1400 BORREGAS AV,37.416985647854474,-122.01602467744601,Vacant site (Medium,No,Coast Live Oak
1400 BORREGAS AV,37.41697705259605,-122.01602938962445,Vacant site (Medium,No,Coast Live Oak
1400 BORREGAS AV,37.41696986539293,-122.01603694743629,Vacant site (Medium,No,Coast Live Oak
1400 BORREGAS AV,37.41702711430709,-122.01605928970012,Vacant site (Medium,No,Coast Live Oak
1400 BORREGAS AV,37.41702461560781,-122.01604795358165,Vacant site (Medium,No,Coast Live Oak
1400 BORREGAS AV,37.41701967412865,-122.01603795914558,Vacant site (Medium,No,Coast Live Oak
1400 BORREGAS AV,37.41701268597106,-122.01603011340178,Vacant site (Medium,No,Coast Live Oak
1400 BORREGAS AV,37.417004216973,-122.01602505461666,Vacant site (Medium,No,Coast Live Oak
1400 BORREGAS AV,37.41696466553018,-122.01604673587467,Vacant site (Medium,No,Coast Live Oak
1400 BORREGAS AV,37.41696187798986,-122.01605796460906,Vacant site (Large,No,Coast Live Oak
1400 BORREGAS AV,37.41696172601113,-122.01606972556613,Vacant site (Medium,No,Coast Live Oak
1400 BORREGAS AV,37.41696422196221,-122.01608106161996,Vacant site (Medium,No,Coast Live Oak
1400 BORREGAS AV,37.4169691661838,-122.01609105610729,Vacant site (Large,No,Coast Live Oak
1401 BORREGAS AV,37.41705321535443,-122.01637485626736,Vacant site (Large,No,Coast Live Oak
1401 BORREGAS AV,37.41707767516802,-122.01630136978326,Vacant site (Large,No,Coast Live Oak
1401 BORREGAS AV,37.41707163012843,-122.01629663915514,Vacant site (Large,No,Coast Live Oak
837 DWIGHT AV,37.376828155562194,-122.01874394696218,Vacant site (Small,No,Coast Live Oak
144 BRADFORD DR,37.403094091135486,-122.02233032877947,Vacant site (Medium,No,Coast Live Oak
144 BRADFORD DR,37.40312650821484,-122.02237230791025,Vacant site (Medium,No,Coast Live Oak
145 BRADFORD DR,37.403188073357605,-122.02231723650378,Vacant site (Medium,No,Coast Live Oak
145 BRADFORD DR,37.403188073357605,-122.02231723650378,Vacant site (Small,No,Coast Live Oak
290 BRADFORD DR,37.402555916225246,-122.0248447887404,Vacant site (Small,No,Coast Live Oak
942 BUCKEYE DR,37.3661595850275,-122.01190680968215,Vacant site (Medium,No,Coast Live Oak
956 BUCKEYE DR,37.36616955802686,-122.01085831197199,Vacant site (Large,No,Coast Live Oak
961 BUCKEYE DR,37.366225578284435,-122.01043097942579,Vacant site (Medium,No,Coast Live Oak
944 CAMBRIDGE AV,37.36776192257855,-122.04776321411055,Vacant site (Small,No,Coast Live Oak
975 CAMBRIDGE AV,37.36802418756081,-122.04882201386879,Vacant site (Medium,No,Coast Live Oak
996 CAMBRIDGE AV,37.36812791343514,-122.04955649768662,Vacant site (Small,No,Coast Live Oak
1073 CANDLEWOOD AV,37.39528280333081,-121.99326192907797,Vacant site (Medium,No,Coast Live Oak
1092 CANDLEWOOD AV,37.39568835805709,-121.99323483436036,Vacant site (Medium,No,Coast Live Oak
300 CAPELLA WY,37.377303184897045,-122.03284488340822,Vacant site (Small,No,Coast Live Oak
300 CAPELLA WY,37.37722599463736,-122.03248500905865,Vacant site (Small,No,Coast Live Oak
187 CARBONERA AV,37.380979031758166,-122.05300155962603,Vacant site (Medium,No,Coast Live Oak
192 CARBONERA AV,37.380746154407575,-122.05301918687313,Vacant site (Medium,No,Coast Live Oak
195 CARBONERA AV,37.38063402459009,-122.05312959230375,Vacant site (Small,No,Coast Live Oak
195 CARBONERA AV,37.38063402459009,-122.05312959230375,Vacant site (Medium,No,Coast Live Oak
273 CARBONERA AV,37.379167844891896,-122.05312501021567,Vacant site (Medium,No,Coast Live Oak
932 CARDINAL DR /E,37.36451079450942,-122.06055856275621,Vacant site (Small,No,Coast Live Oak
943 CARDINAL DR /E,37.36416135501141,-122.06103015309475,Vacant site (Small,No,Coast Live Oak
957 CARDINAL DR /E,37.36385120675302,-122.06126706991178,Vacant site (Small,No,Coast Live Oak
1005 CARDINAL DR /E,37.36368899790768,-122.06133011850834,Vacant site (Small,No,Coast Live Oak
886 CARDINAL DR /W,37.365883763572704,-122.0586036780597,Vacant site (Medium,No,Coast Live Oak
905 CARDINAL DR /W,37.36589708576334,-122.05947992246438,Vacant site (Small,No,Coast Live Oak
907 CARDINAL DR /W,37.36581714613907,-122.05968895422546,Vacant site (Small,No,Coast Live Oak
918 CARDINAL DR /W,37.365530928407054,-122.06019795427511,Vacant site (Small,No,Coast Live Oak
945 CARDINAL DR /W,37.36445038113765,-122.06154190253521,Vacant site (Medium,No,Coast Live Oak
953 CARDINAL DR /W,37.36421288362429,-122.06146534228344,Vacant site (Small,No,Coast Live Oak
201 CARIBBEAN DR /E,37.41703165844444,-122.01603456246261,Vacant site (Large,No,Coast Live Oak
250 CARIBBEAN DR /E,37.41642792527182,-122.01430637687082,Vacant site (Medium,No,Coast Live Oak
301 CARIBBEAN DR /E,37.41642512928861,-122.01255072562243,Vacant site (Medium,No,Coast Live Oak
401 CARIBBEAN DR /E,37.415831841101294,-122.00845241622943,Vacant site (Medium,No,Coast Live Oak
401 CARIBBEAN DR /E,37.415811715140705,-122.0084707916937,Vacant site (Medium,No,Coast Live Oak
917 CAMBRIDGE AV,37.36777519366802,-122.04754401409123,Vacant site (Small,No,Coast Live Oak
916 CAMBRIDGE AV,37.36765489811061,-122.04717273854664,Vacant site (Small,No,Coast Live Oak
756 CALLA DR,37.36554557411271,-122.01637955826068,Vacant site (Small,No,Coast Live Oak
901 CALIFORNIA AV /W,37.383878578877294,-122.04055698437236,Vacant site (Medium,No,Coast Live Oak
966 BUCKEYE DR,37.36617053354813,-122.00981881066855,Vacant site (Large,No,Coast Live Oak
243 BUENA VISTA AV,37.38524441020095,-122.04458353377079,Vacant site (Medium,No,Coast Live Oak
1001 BURNTWOOD AV,37.39469574309336,-121.99392782377137,Vacant site (Medium,No,Coast Live Oak
1105 BURNTWOOD CT,37.396281855234704,-121.99421196340488,Vacant site (Medium,No,Coast Live Oak
1107 BURNTWOOD CT,37.39639089284103,-121.99421497195162,Vacant site (Medium,No,Coast Live Oak
230 CALIFORNIA AV /E,37.38105345430302,-122.02628210628123,Vacant site (Medium,No,Coast Live Oak
281 CALIFORNIA AV /E,37.38094422297491,-122.02524245045713,Vacant site (Medium,No,Coast Live Oak
285 CALIFORNIA AV /E,37.380908223220395,-122.02507242334516,Vacant site (Medium,No,Coast Live Oak
449 CALIFORNIA AV /E,37.38046811447263,-122.022934423364,Vacant site (Small,No,Coast Live Oak
481 CALIFORNIA AV /E,37.38037713877029,-122.02256092187991,Vacant site (Medium,No,Coast Live Oak
801 CALIFORNIA AV /E,37.37969395807603,-122.01898640394806,Vacant site (Small,No,Coast Live Oak
824 CALIFORNIA AV /E,37.379420008002974,-122.01826638707432,Vacant site (Medium,No,Valley Oak
860 CALIFORNIA AV /E,37.3792019775579,-122.01726288748746,Vacant site (Small,No,Coast Live Oak
1362 BORREGAS AV,37.414533915136246,-122.01698631409937,Vacant site (Large,No,Coast Live Oak
866 CALIFORNIA AV /E,37.379175951064134,-122.01710644690252,Vacant site (Small,No,Coast Live Oak
878 CALIFORNIA AV /E,37.379093975832554,-122.01673541392553,Vacant site (Small,No,Coast Live Oak
910 CALIFORNIA AV /E,37.37777358678739,-122.00925964792722,Vacant site (Medium,No,Valley Oak
223 CALIFORNIA AV /W,37.38165109617738,-122.0302622016015,Vacant site (Small,No,Coast Live Oak
227 CALIFORNIA AV /W,37.38168910734825,-122.03044317569665,Vacant site (Medium,No,Coast Live Oak
271 CALIFORNIA AV /W,37.382097411999595,-122.03217527108197,Vacant site (Medium,No,Coast Live Oak
283 CALIFORNIA AV /W,37.38214075799929,-122.03238793561084,Vacant site (Medium,No,Coast Live Oak
400 CALIFORNIA AV /W,37.382384974190494,-122.03399340522196,Vacant site (Medium,No,Coast Live Oak
600 CALIFORNIA AV /W,37.38269190750661,-122.03538375513801,Vacant site (Medium,No,Coast Live Oak
601 CALIFORNIA AV /W,37.382836030332385,-122.0356414240048,Vacant site (Large,No,Coast Live Oak
800 CALIFORNIA AV /W,37.38308790715765,-122.03734600486274,Vacant site (Medium,No,Coast Live Oak
801 CALIFORNIA AV /W,37.3831074406704,-122.03704294097031,Vacant site (Medium,No,Coast Live Oak
863 CALIFORNIA AV /W,37.38357073446446,-122.0393710494278,Vacant site (Medium,No,Coast Live Oak
901 CALIFORNIA AV /W,37.383850949353054,-122.0405880696819,Vacant site (Medium,No,Coast Live Oak
872 CALIFORNIA AV /E,37.37912000287192,-122.0169054400305,Vacant site (Small,No,Coast Live Oak
401 CARIBBEAN DR /E,37.415808322437286,-122.00850500220506,Vacant site (Medium,No,Coast Live Oak
1362 BORREGAS AV,37.414562722441026,-122.01696623739707,Vacant site (Large,No,Coast Live Oak
1308 BORREGAS AV,37.41212426862608,-122.01778615821709,Vacant site (Large,No,Coast Live Oak
315 BERNARDO AV /S,37.378314613902,-122.05484231137017,Vacant site (Small,No,Coast Live Oak
315 BERNARDO AV /S,37.378314613902,-122.05484231137017,Vacant site (Small,No,Coast Live Oak
415 BERNARDO AV /S,37.37705721889384,-122.05529192473304,Vacant site (Medium,No,Coast Live Oak
434 BERNARDO AV /S,37.37641718550858,-122.05540907635182,Vacant site (Medium,No,Coast Live Oak
434 BERNARDO AV /S,37.3764171883003,-122.055409072968,Vacant site (Medium,No,Coast Live Oak
780 BERNARDO AV /S,37.36974807751247,-122.05705699435455,Vacant site (Medium,No,Coast Live Oak
919 BERNARDO AV /S,37.36500286080248,-122.05868917542942,Vacant site (Medium,No,Coast Live Oak
933 BERNARDO AV /S,37.36421094451026,-122.0589591733693,Vacant site (Medium,No,Coast Live Oak
1026 BERNARDO AV /S,37.363203154124115,-122.05923917817964,Vacant site (Small,No,Coast Live Oak
766 BETTY CT,37.36109636676367,-122.02118588134658,Vacant site (Small,No,Coast Live Oak
774 BETTY CT,37.36065618063492,-122.02120500739507,Vacant site (Medium,No,Coast Live Oak
801 BIRCH AV,37.37832109514866,-122.01931175466486,Vacant site (Small,No,Coast Live Oak
806 BIRCH AV,37.3781990554207,-122.01915387825743,Vacant site (Medium,No,Coast Live Oak
819 BIRCH AV,37.37820506961424,-122.01880219848125,Vacant site (Small,No,Coast Live Oak
836 BIRCH AV,37.37804997727337,-122.01837552844029,Vacant site (Medium,No,Coast Live Oak
1238 BIRCHWOOD DR,37.403606222989865,-121.99241906948218,Vacant site (Medium,No,Coast Live Oak
1245 BIRCHWOOD DR,37.404459704224145,-121.99252330419682,Vacant site (Medium,No,Coast Live Oak
1245 BIRCHWOOD DR,37.40442821998865,-121.99247216275977,Vacant site (Medium,No,Coast Live Oak
1260 BIRCHWOOD DR,37.40558830521632,-121.99245531805741,Vacant site (Large,No,Coast Live Oak
848 BLAIR AV,37.36966013693127,-122.04406368814331,Vacant site (Medium,No,Coast Live Oak
917 BLAIR AV,37.370144142199884,-122.04639397966397,Vacant site (Medium,No,Coast Live Oak
999 BLAIR AV,37.370622202323304,-122.04860461819692,Vacant site (Medium,No,Coast Live Oak
1037 BLAIR AV,37.370736477010894,-122.04993812540611,Vacant site (Small,No,Coast Live Oak
1127 BLAIR AV,37.371580967062016,-122.05438967463591,Vacant site (Medium,No,Coast Live Oak
1134 BLAIR AV,37.371564154779534,-122.05456507356811,Vacant site (Medium,No,Coast Live Oak
1157 BLAIR AV,37.37184196657962,-122.05537067430001,Vacant site (Small,No,Coast Live Oak
901 BLAZINGWOOD DR,37.39257657206909,-121.99429646901903,Vacant site (Medium,No,Coast Live Oak
298 BERNARDO AV /S,37.37893298553078,-122.05454569231114,Vacant site (Medium,No,Coast Live Oak
902 BLAZINGWOOD DR,37.39262554013453,-121.99425179235551,Vacant site (Medium,No,Coast Live Oak
248 BERNARDO AV /S,37.37984270693856,-122.05425831633248,Vacant site (Medium,No,Coast Live Oak
237 BERNARDO AV /S,37.38007040409135,-122.05428689573978,Vacant site (Medium,No,Coast Live Oak
163 BEEMER AV,37.38027417980273,-122.02960286512163,Vacant site (Small,No,Coast Live Oak
237 BEEMER AV,37.38042717971648,-122.03033161396505,Vacant site (Small,No,Coast Live Oak
241 BEEMER AV,37.38049219014257,-122.03061459539515,Vacant site (Small,No,Coast Live Oak
265 BEEMER AV,37.38052713425611,-122.03079459527524,Vacant site (Small,No,Coast Live Oak
315 BEEMER AV,37.38066414414344,-122.03143176660232,Vacant site (Medium,No,Coast Live Oak
336 BEEMER AV,37.380695026053615,-122.03181499421008,Vacant site (Small,No,Coast Live Oak
658 BEGONIA WY,37.3682649239683,-122.02051504547285,Vacant site (Medium,No,Coast Live Oak
657 BELLADONNA CT,37.36747721767946,-122.02018401637638,Vacant site (Medium,No,Coast Live Oak
662 BELLADONNA CT,37.36741289089898,-122.02014472985152,Vacant site (Medium,No,Coast Live Oak
671 BELLFLOWER AV,37.36610938571851,-122.0205463350603,Vacant site (Medium,No,Coast Live Oak
678 BELLFLOWER AV,37.366038923118744,-122.0207797837664,Vacant site (Medium,No,Coast Live Oak
678 BELLFLOWER AV,37.36603892316338,-122.02077978032582,Vacant site (Medium,No,Coast Live Oak
995 BENICIA AV,37.39535404929696,-122.04091180807254,Vacant site (Large,No,Coast Live Oak
909 BERKSHIRE AV,37.36875020236319,-122.04679128798992,Vacant site (Small,No,Coast Live Oak
973 BERMUDA CT,37.36817955242356,-122.00849984123245,Vacant site (Medium,No,Coast Live Oak
615 BERNAL AV,37.38893360405013,-122.01399887224417,Vacant site (Medium,No,Coast Live Oak
624 BERNAL AV,37.38907054362918,-122.0138889064553,Vacant site (Small,No,Coast Live Oak
625 BERNAL AV,37.389068603470584,-122.01395281191064,Vacant site (Small,No,Coast Live Oak
632 BERNAL AV,37.389223543854335,-122.01383745490003,Vacant site (Small,No,Coast Live Oak
633 BERNAL AV,37.389250488443736,-122.0139782428829,Vacant site (Small,No,Coast Live Oak
644 BERNAL AV,37.389491412927384,-122.01375965566325,Vacant site (Small,No,Coast Live Oak
651 BERNAL AV,37.38961653897378,-122.0138552031176,Vacant site (Small,No,Coast Live Oak
658 BERNAL AV,37.38973353697173,-122.01366645524402,Vacant site (Small,No,Coast Live Oak
666 BERNAL AV,37.390148508660374,-122.01352846919828,Vacant site (Medium,No,Coast Live Oak
168 BERNARDO AV /S,37.382464294521306,-122.05339906849754,Vacant site (Medium,No,Coast Live Oak
225 BERNARDO AV /S,37.38025709622932,-122.05422347058372,Vacant site (Medium,No,Coast Live Oak
228 BERNARDO AV /S,37.380179268449695,-122.05414606871784,Vacant site (Medium,No,Coast Live Oak
238 BERNARDO AV /S,37.37999431492557,-122.05421904077808,Vacant - Misc [special condition],No,Coast Live Oak
1143 BLAZINGWOOD DR,37.39764115883991,-121.99508241491166,Vacant site (Medium,No,Coast Live Oak
1181 BLAZINGWOOD DR,37.39851480974513,-121.99509149617614,Vacant site (Medium,No,Coast Live Oak
1199 BLAZINGWOOD DR,37.399152920266665,-121.99507243805634,Vacant site (Large,No,Coast Live Oak
592 BORREGAS AV,37.39046618365319,-122.02498810575044,Vacant site (Medium,No,Coast Live Oak
611 BORREGAS AV,37.39185559811839,-122.02458286836355,Vacant site (Small,No,Coast Live Oak
648 BORREGAS AV,37.39245454459422,-122.02430640225343,Vacant site (Medium,No,Coast Live Oak
681 BORREGAS AV,37.39331359859404,-122.0241013689444,Vacant site (Medium,No,Coast Live Oak
735 BORREGAS AV,37.394872996287404,-122.02356210838451,Vacant site (Medium,No,Coast Live Oak
741 BORREGAS AV,37.395008970727,-122.02350810797672,Vacant site (Medium,No,Coast Live Oak
783 BORREGAS AV,37.395788963537264,-122.02321807369933,Vacant site (Medium,No,Coast Live Oak
789 BORREGAS AV,37.39594052875213,-122.02318416920716,Vacant site (Medium,No,Coast Live Oak
802 BORREGAS AV,37.39644778799835,-122.0229747533671,Vacant site (Medium,No,Coast Live Oak
874 BORREGAS AV,37.39729464559213,-122.02271833515138,Vacant site (Medium,No,Coast Live Oak
926 BORREGAS AV,37.39865080560419,-122.02226654909938,Vacant site (Medium,No,Coast Live Oak
1025 BORREGAS AV,37.40071430113761,-122.02164200080638,Vacant site (Medium,No,Coast Live Oak
1265 BORREGAS AV,37.40925869098206,-122.01880530345687,Vacant site (Medium,No,Coast Live Oak
1272 BORREGAS AV,37.41083791679336,-122.01822570095021,Vacant site (Large,No,Coast Live Oak
1272 BORREGAS AV,37.41083845143075,-122.0181843895172,Vacant site (Medium,No,Coast Live Oak
1272 BORREGAS AV,37.410820977193715,-122.01826114151692,Vacant site (Medium,No,Coast Live Oak
1272 BORREGAS AV,37.410837382141416,-122.01826701238265,Vacant site (Large,No,Coast Live Oak
1272 BORREGAS AV,37.41087086997727,-122.01822637120252,Vacant site (Large,No,Coast Live Oak
1272 BORREGAS AV,37.410866721571246,-122.01820562566434,Vacant site (Large,No,Coast Live Oak
1277 BORREGAS AV,37.41085343656299,-122.01830930518646,Vacant site (Medium,No,Coast Live Oak
1308 BORREGAS AV,37.41206763411708,-122.0178142254066,Vacant site (Large,No,Coast Live Oak
1308 BORREGAS AV,37.41207766458604,-122.01778521057187,Vacant site (Large,No,Coast Live Oak
1308 BORREGAS AV,37.41210112179335,-122.01777358335356,Vacant site (Large,No,Coast Live Oak
1308 BORREGAS AV,37.41212351270927,-122.01784458392146,Vacant site (Large,No,Coast Live Oak
1308 BORREGAS AV,37.41210005279339,-122.01785620762243,Vacant site (Large,No,Coast Live Oak
1308 BORREGAS AV,37.4120769086697,-122.01784363623977,Vacant site (Large,No,Coast Live Oak
1308 BORREGAS AV,37.412133540484135,-122.01781556557059,Vacant site (Large,No,Coast Live Oak
569 BORREGAS AV,37.38949193891171,-122.02538917573598,Vacant site (Small,No,Coast Live Oak
568 BORREGAS AV,37.38948217460583,-122.02531562939032,Vacant site (Small,No,Coast Live Oak
565 BORREGAS AV,37.38934793978654,-122.02542967528979,Vacant site (Medium,No,Coast Live Oak
1376 BORDEAUX DR,37.415818160350334,-122.02283181613818,Vacant site (Large,No,Coast Live Oak
933 BLUEBONNET DR,37.367489557637036,-122.01147939624036,Vacant site (Large,No,Coast Live Oak
933 BLUEBONNET DR,37.367489560427494,-122.0114793928553,Vacant site (Large,No,Coast Live Oak
936 BLUEBONNET DR,37.36743256664006,-122.0112498945726,Vacant site (Medium,No,Coast Live Oak
966 BLUEBONNET DR,37.367434597402955,-122.00985039334908,Vacant site (Medium,No,Coast Live Oak
972 BLUEBONNET DR,37.36743158912773,-122.00922939641133,Vacant site (Medium,No,Coast Live Oak
1003 BLUEBONNET DR,37.36750455232245,-122.00703831507754,Vacant - Misc [special condition],No,Coast Live Oak
1008 BLUEBONNET DR,37.367467590168005,-122.00633794280405,Vacant site (Large,No,Coast Live Oak
1016 BLUEBONNET DR,37.36747252468531,-122.00573803411365,Vacant site (Large,No,Coast Live Oak
1017 BLUEBONNET DR,37.36753252766071,-122.00567975021487,Vacant site (Medium,No,Coast Live Oak
1029 BLUEBONNET DR,37.367560778647075,-122.00485370728055,Vacant site (Large,No,Coast Live Oak
674 BLYTHE AV,37.39155094958173,-122.01181313613722,Vacant site (Medium,No,Coast Live Oak
674 BLYTHE AV,37.39155094958173,-122.01181313613722,Vacant site (Medium,No,Coast Live Oak
656 BLYTHE CT,37.391673217416205,-122.01245344664636,Vacant - Misc [special condition],No,Coast Live Oak
1362 BORREGAS AV,37.4145621882327,-122.01700755089992,Vacant site (Large,No,Coast Live Oak
301 BOOKER AV,37.374092558843394,-122.03494688985224,Vacant site (Medium,No,Coast Live Oak
1185 BORDEAUX DR,37.40808398911803,-122.02362133567911,Vacant site (Large,No,Coast Live Oak
1185 BORDEAUX DR,37.40808399186411,-122.02362133573516,Vacant site (Large,No,Coast Live Oak
1188 BORDEAUX DR,37.408459978958184,-122.0235554276469,Vacant site (Large,No,Coast Live Oak
1212 BORDEAUX DR,37.41012561705573,-122.02302895084864,Vacant - Misc [special condition],No,Coast Live Oak
1212 BORDEAUX DR,37.410120672724474,-122.02301583699702,Vacant site (Large,No,Coast Live Oak
1212 BORDEAUX DR,37.410120672724474,-122.02301583699702,Vacant site (Large,No,Coast Live Oak
1230 BORDEAUX DR,37.41106954833567,-122.02270888098758,Vacant site (Large,No,Coast Live Oak
1235 BORDEAUX DR,37.412330009450415,-122.02235975886249,Vacant site (Large,No,Coast Live Oak
1333 BORDEAUX DR,37.41494918613483,-122.02152181130958,Vacant site (Large,No,Coast Live Oak
1333 BORDEAUX DR,37.414949721932686,-122.02148049762492,Vacant site (Large,No,Coast Live Oak
1333 BORDEAUX DR,37.414923756330566,-122.02149552704448,Vacant site (Large,No,Coast Live Oak
1333 BORDEAUX DR,37.4149752840824,-122.02149657741039,Vacant site (Medium,No,Coast Live Oak
1350 BORDEAUX DR,37.41532907380246,-122.02159598493284,Vacant site (Large,No,Coast Live Oak
301 BOOKER AV,37.37409256158951,-122.03494688990867,Vacant site (Medium,No,Coast Live Oak
842 DWIGHT AV,37.376735978122895,-122.01859480491461,Vacant site (Small,No,Coast Live Oak
